-- phpMyAdmin SQL Dump
-- version 2.11.1
-- http://www.phpmyadmin.net
--
-- Host: localhost
-- Generation Time: Feb 29, 2008 at 10:16 AM
-- Server version: 5.0.45
-- PHP Version: 5.2.4

SET SQL_MODE="NO_AUTO_VALUE_ON_ZERO";

--
-- Database: `experiment`
--

-- --------------------------------------------------------

--
-- Table structure for table `access`
--

CREATE TABLE `access` (
  `aid` int(10) NOT NULL auto_increment,
  `mask` varchar(255) NOT NULL default '',
  `type` varchar(255) NOT NULL default '',
  `status` tinyint(2) NOT NULL default '0',
  PRIMARY KEY  (`aid`)
) ENGINE=MyISAM DEFAULT CHARSET=utf8;

--
-- Dumping data for table `access`
--


-- --------------------------------------------------------

--
-- Table structure for table `accesslog`
--

CREATE TABLE `accesslog` (
  `aid` int(10) NOT NULL auto_increment,
  `sid` varchar(32) NOT NULL default '',
  `title` varchar(255) default NULL,
  `path` varchar(255) default NULL,
  `url` varchar(255) default NULL,
  `hostname` varchar(128) default NULL,
  `uid` int(10) unsigned default '0',
  `timer` int(10) unsigned NOT NULL default '0',
  `timestamp` int(11) unsigned NOT NULL default '0',
  PRIMARY KEY  (`aid`),
  KEY `accesslog_timestamp` (`timestamp`)
) ENGINE=MyISAM DEFAULT CHARSET=utf8;

--
-- Dumping data for table `accesslog`
--


-- --------------------------------------------------------

--
-- Table structure for table `aggregator_category`
--

CREATE TABLE `aggregator_category` (
  `cid` int(10) NOT NULL auto_increment,
  `title` varchar(255) NOT NULL default '',
  `description` longtext NOT NULL,
  `block` tinyint(2) NOT NULL default '0',
  PRIMARY KEY  (`cid`),
  UNIQUE KEY `title` (`title`)
) ENGINE=MyISAM DEFAULT CHARSET=utf8;

--
-- Dumping data for table `aggregator_category`
--


-- --------------------------------------------------------

--
-- Table structure for table `aggregator_category_feed`
--

CREATE TABLE `aggregator_category_feed` (
  `fid` int(10) NOT NULL default '0',
  `cid` int(10) NOT NULL default '0',
  PRIMARY KEY  (`fid`,`cid`)
) ENGINE=MyISAM DEFAULT CHARSET=utf8;

--
-- Dumping data for table `aggregator_category_feed`
--


-- --------------------------------------------------------

--
-- Table structure for table `aggregator_category_item`
--

CREATE TABLE `aggregator_category_item` (
  `iid` int(10) NOT NULL default '0',
  `cid` int(10) NOT NULL default '0',
  PRIMARY KEY  (`iid`,`cid`)
) ENGINE=MyISAM DEFAULT CHARSET=utf8;

--
-- Dumping data for table `aggregator_category_item`
--


-- --------------------------------------------------------

--
-- Table structure for table `aggregator_feed`
--

CREATE TABLE `aggregator_feed` (
  `fid` int(10) NOT NULL auto_increment,
  `title` varchar(255) NOT NULL default '',
  `url` varchar(255) NOT NULL default '',
  `refresh` int(10) NOT NULL default '0',
  `checked` int(10) NOT NULL default '0',
  `link` varchar(255) NOT NULL default '',
  `description` longtext NOT NULL,
  `image` longtext NOT NULL,
  `etag` varchar(255) NOT NULL default '',
  `modified` int(10) NOT NULL default '0',
  `block` tinyint(2) NOT NULL default '0',
  PRIMARY KEY  (`fid`),
  UNIQUE KEY `link` (`url`),
  UNIQUE KEY `title` (`title`)
) ENGINE=MyISAM DEFAULT CHARSET=utf8;

--
-- Dumping data for table `aggregator_feed`
--


-- --------------------------------------------------------

--
-- Table structure for table `aggregator_item`
--

CREATE TABLE `aggregator_item` (
  `iid` int(10) NOT NULL auto_increment,
  `fid` int(10) NOT NULL default '0',
  `title` varchar(255) NOT NULL default '',
  `link` varchar(255) NOT NULL default '',
  `author` varchar(255) NOT NULL default '',
  `description` longtext NOT NULL,
  `timestamp` int(11) default NULL,
  PRIMARY KEY  (`iid`)
) ENGINE=MyISAM DEFAULT CHARSET=utf8;

--
-- Dumping data for table `aggregator_item`
--


-- --------------------------------------------------------

--
-- Table structure for table `authmap`
--

CREATE TABLE `authmap` (
  `aid` int(10) unsigned NOT NULL auto_increment,
  `uid` int(10) NOT NULL default '0',
  `authname` varchar(128) NOT NULL default '',
  `module` varchar(128) NOT NULL default '',
  PRIMARY KEY  (`aid`),
  UNIQUE KEY `authname` (`authname`)
) ENGINE=MyISAM DEFAULT CHARSET=utf8;

--
-- Dumping data for table `authmap`
--


-- --------------------------------------------------------

--
-- Table structure for table `blocks`
--

CREATE TABLE `blocks` (
  `module` varchar(64) NOT NULL default '',
  `delta` varchar(32) NOT NULL default '0',
  `theme` varchar(255) NOT NULL default '',
  `status` tinyint(2) NOT NULL default '0',
  `weight` tinyint(1) NOT NULL default '0',
  `region` varchar(64) NOT NULL default 'left',
  `custom` tinyint(2) NOT NULL default '0',
  `throttle` tinyint(1) NOT NULL default '0',
  `visibility` tinyint(1) NOT NULL default '0',
  `pages` text NOT NULL
) ENGINE=MyISAM DEFAULT CHARSET=utf8;

--
-- Dumping data for table `blocks`
--

INSERT INTO `blocks` (`module`, `delta`, `theme`, `status`, `weight`, `region`, `custom`, `throttle`, `visibility`, `pages`) VALUES
('user', '0', 'bluemarine', 1, 0, 'left', 0, 0, 0, ''),
('node', '0', 'bluemarine', 0, 0, 'left', 0, 0, 0, ''),
('user', '1', 'bluemarine', 1, 0, 'left', 0, 0, 0, ''),
('user', '2', 'bluemarine', 0, 0, 'left', 0, 0, 0, ''),
('user', '3', 'bluemarine', 0, 0, 'left', 0, 0, 0, ''),
('comment', '0', 'bluemarine', 0, 0, 'left', 0, 0, 0, ''),
('menu', '2', 'bluemarine', 0, 0, 'left', 0, 0, 0, ''),
('comment', '0', 'firered', 0, 0, 'left', 0, 0, 0, ''),
('user', '3', 'firered', 0, 0, 'left', 0, 0, 0, ''),
('user', '2', 'firered', 0, 0, 'left', 0, 0, 0, ''),
('user', '1', 'firered', 1, 0, 'left', 0, 0, 0, ''),
('user', '0', 'firered', 1, 0, 'left', 0, 0, 0, ''),
('node', '0', 'firered', 0, 0, 'left', 0, 0, 0, ''),
('menu', '2', 'firered', 0, 0, 'left', 0, 0, 0, '');

-- --------------------------------------------------------

--
-- Table structure for table `book`
--

CREATE TABLE `book` (
  `vid` int(10) unsigned NOT NULL default '0',
  `nid` int(10) unsigned NOT NULL default '0',
  `parent` int(10) NOT NULL default '0',
  `weight` tinyint(3) NOT NULL default '0',
  PRIMARY KEY  (`vid`),
  KEY `nid` (`nid`),
  KEY `parent` (`parent`)
) ENGINE=MyISAM DEFAULT CHARSET=utf8;

--
-- Dumping data for table `book`
--


-- --------------------------------------------------------

--
-- Table structure for table `boxes`
--

CREATE TABLE `boxes` (
  `bid` int(11) NOT NULL auto_increment,
  `title` varchar(64) NOT NULL default '',
  `body` longtext,
  `info` varchar(128) NOT NULL default '',
  `format` int(4) NOT NULL default '0',
  PRIMARY KEY  (`bid`),
  UNIQUE KEY `info` (`info`)
) ENGINE=MyISAM DEFAULT CHARSET=utf8;

--
-- Dumping data for table `boxes`
--


-- --------------------------------------------------------

--
-- Table structure for table `cache`
--

CREATE TABLE `cache` (
  `cid` varchar(255) character set utf8 collate utf8_bin NOT NULL default '',
  `data` longblob,
  `expire` int(11) NOT NULL default '0',
  `created` int(11) NOT NULL default '0',
  `headers` text,
  PRIMARY KEY  (`cid`),
  KEY `expire` (`expire`)
) ENGINE=MyISAM DEFAULT CHARSET=utf8;

--
-- Dumping data for table `cache`
--

INSERT INTO `cache` (`cid`, `data`, `expire`, `created`, `headers`) VALUES
('menu:1:en', 0x613a343a7b733a31303a227061746820696e646578223b613a39343a7b733a31333a2261646d696e2f66696c74657273223b733a313a2237223b733a31383a2261646d696e2f66696c746572732f6c697374223b693a2d323b733a31373a2261646d696e2f66696c746572732f616464223b693a2d333b733a32303a2261646d696e2f66696c746572732f64656c657465223b693a2d343b733a31313a2266696c7465722f74697073223b733a313a2233223b733a31303a2261646d696e2f6e6f6465223b733a313a2238223b733a31393a2261646d696e2f6e6f64652f6f76657276696577223b693a2d373b733a31393a2261646d696e2f73657474696e67732f6e6f6465223b733a323a223231223b733a32383a2261646d696e2f73657474696e67732f636f6e74656e742d7479706573223b733a323a223232223b733a343a226e6f6465223b733a313a2234223b733a383a226e6f64652f616464223b733a313a2239223b733a373a227273732e786d6c223b693a2d31323b733a31323a2273797374656d2f66696c6573223b693a2d31333b733a353a2261646d696e223b733a313a2235223b733a31323a2261646d696e2f7468656d6573223b733a323a223130223b733a31393a2261646d696e2f7468656d65732f73656c656374223b693a2d31363b733a32313a2261646d696e2f7468656d65732f73657474696e6773223b693a2d31373b733a32383a2261646d696e2f7468656d65732f73657474696e67732f676c6f62616c223b693a2d31383b733a32393a2261646d696e2f7468656d65732f73657474696e67732f66697265726564223b693a2d31393b733a31343a2261646d696e2f73657474696e6773223b733a323a223131223b733a31333a2261646d696e2f6d6f64756c6573223b733a323a223132223b733a343a2275736572223b693a2d32323b733a31373a22757365722f6175746f636f6d706c657465223b693a2d32333b733a31303a22757365722f6c6f67696e223b693a2d32343b733a31333a22757365722f7265676973746572223b693a2d32353b733a31333a22757365722f70617373776f7264223b693a2d32363b733a31303a22757365722f7265736574223b693a2d32373b733a393a22757365722f68656c70223b693a2d32383b733a31303a2261646d696e2f75736572223b733a323a223133223b733a31353a2261646d696e2f757365722f6c697374223b693a2d33303b733a31373a2261646d696e2f757365722f637265617465223b693a2d33313b733a31393a2261646d696e2f73657474696e67732f75736572223b733a323a223233223b733a31323a2261646d696e2f616363657373223b733a323a223134223b733a32343a2261646d696e2f6163636573732f7065726d697373696f6e73223b693a2d33343b733a31383a2261646d696e2f6163636573732f726f6c6573223b693a2d33353b733a32333a2261646d696e2f6163636573732f726f6c65732f65646974223b693a2d33363b733a31383a2261646d696e2f6163636573732f72756c6573223b693a2d33373b733a32333a2261646d696e2f6163636573732f72756c65732f6c697374223b693a2d33383b733a32323a2261646d696e2f6163636573732f72756c65732f616464223b693a2d33393b733a32343a2261646d696e2f6163636573732f72756c65732f636865636b223b693a2d34303b733a32333a2261646d696e2f6163636573732f72756c65732f65646974223b693a2d34313b733a32353a2261646d696e2f6163636573732f72756c65732f64656c657465223b693a2d34323b733a363a22757365722f31223b693a2d34333b733a363a226c6f676f7574223b733a313a2236223b733a31303a2261646d696e2f6c6f6773223b733a323a223135223b733a31363a2261646d696e2f6c6f67732f6576656e74223b693a2d34363b733a31313a2261646d696e2f626c6f636b223b733a323a223136223b733a31363a2261646d696e2f626c6f636b2f6c697374223b693a2d34383b733a32313a2261646d696e2f626c6f636b2f636f6e666967757265223b693a2d34393b733a31383a2261646d696e2f626c6f636b2f64656c657465223b693a2d35303b733a31353a2261646d696e2f626c6f636b2f616464223b693a2d35313b733a32343a2261646d696e2f626c6f636b2f6c6973742f66697265726564223b693a2d35323b733a31303a2261646d696e2f68656c70223b733a323a223138223b733a31363a2261646d696e2f68656c702f626c6f636b223b693a2d35343b733a31383a2261646d696e2f68656c702f636f6d6d656e74223b693a2d35353b733a31373a2261646d696e2f68656c702f66696c746572223b693a2d35363b733a31353a2261646d696e2f68656c702f68656c70223b693a2d35373b733a31353a2261646d696e2f68656c702f6d656e75223b693a2d35383b733a31353a2261646d696e2f68656c702f6e6f6465223b693a2d35393b733a31353a2261646d696e2f68656c702f70616765223b693a2d36303b733a31363a2261646d696e2f68656c702f73746f7279223b693a2d36313b733a31373a2261646d696e2f68656c702f73797374656d223b693a2d36323b733a31393a2261646d696e2f68656c702f7461786f6e6f6d79223b693a2d36333b733a31353a2261646d696e2f68656c702f75736572223b693a2d36343b733a31393a2261646d696e2f68656c702f7761746368646f67223b693a2d36353b733a31343a2261646d696e2f7461786f6e6f6d79223b733a323a223230223b733a31393a2261646d696e2f7461786f6e6f6d792f6c697374223b693a2d36373b733a32393a2261646d696e2f7461786f6e6f6d792f6164642f766f636162756c617279223b693a2d36383b733a33303a2261646d696e2f7461786f6e6f6d792f656469742f766f636162756c617279223b693a2d36393b733a32343a2261646d696e2f7461786f6e6f6d792f656469742f7465726d223b693a2d37303b733a31333a227461786f6e6f6d792f7465726d223b693a2d37313b733a32313a227461786f6e6f6d792f6175746f636f6d706c657465223b693a2d37323b733a31333a2261646d696e2f636f6d6d656e74223b733a323a223137223b733a31383a2261646d696e2f636f6d6d656e742f6c697374223b693a2d37343b733a32333a2261646d696e2f636f6d6d656e742f636f6e666967757265223b693a2d37353b733a32323a2261646d696e2f636f6d6d656e742f6c6973742f6e6577223b693a2d37363b733a32373a2261646d696e2f636f6d6d656e742f6c6973742f617070726f76616c223b693a2d37373b733a33323a2261646d696e2f636f6d6d656e742f636f6e6669677572652f73657474696e6773223b693a2d37383b733a31343a22636f6d6d656e742f64656c657465223b693a2d37393b733a31323a22636f6d6d656e742f65646974223b693a2d38303b733a31333a226a75706c6f61642f7374617274223b693a2d38313b733a31303a2261646d696e2f6d656e75223b733a323a223139223b733a31353a2261646d696e2f6d656e752f6c697374223b693a2d38333b733a31393a2261646d696e2f6d656e752f6974656d2f616464223b693a2d38343b733a32303a2261646d696e2f6d656e752f6974656d2f65646974223b693a2d38353b733a32313a2261646d696e2f6d656e752f6974656d2f7265736574223b693a2d38363b733a32333a2261646d696e2f6d656e752f6974656d2f64697361626c65223b693a2d38373b733a32323a2261646d696e2f6d656e752f6974656d2f64656c657465223b693a2d38383b733a31393a2261646d696e2f6d656e752f6d656e752f616464223b693a2d38393b733a32303a2261646d696e2f6d656e752f6d656e752f65646974223b693a2d39303b733a32323a2261646d696e2f6d656e752f6d656e752f64656c657465223b693a2d39313b733a31393a2261646d696e2f73657474696e67732f6d656e75223b733a323a223234223b733a31333a226e6f64652f6164642f70616765223b733a323a223235223b733a31343a226e6f64652f6164642f73746f7279223b733a323a223236223b7d733a353a226974656d73223b613a39373a7b693a303b613a353a7b733a343a2270617468223b733a303a22223b733a353a227469746c65223b733a303a22223b733a343a2274797065223b693a313b733a333a22706964223b693a313b733a383a226368696c6472656e223b613a323a7b693a303b693a313b693a313b693a323b7d7d693a313b613a373a7b733a333a22706964223b693a303b733a343a2270617468223b733a303a22223b733a353a227469746c65223b733a31303a224e617669676174696f6e223b733a363a22776569676874223b693a2d35303b733a363a22616363657373223b623a313b733a343a2274797065223b693a333b733a383a226368696c6472656e223b613a31323a7b693a303b693a2d31323b693a313b693a2d31333b693a323b693a2d32323b693a333b693a2d37313b693a343b693a2d37323b693a353b693a2d37393b693a363b693a2d38303b693a373b693a2d38313b693a383b693a333b693a393b693a343b693a31303b693a353b693a31313b693a363b7d7d693a2d323b613a363a7b733a343a2270617468223b733a31383a2261646d696e2f66696c746572732f6c697374223b733a353a227469746c65223b733a343a226c697374223b733a343a2274797065223b693a3634303b733a363a22616363657373223b623a313b733a363a22776569676874223b693a303b733a333a22706964223b733a313a2237223b7d693a2d333b613a363a7b733a343a2270617468223b733a31373a2261646d696e2f66696c746572732f616464223b733a353a227469746c65223b733a31363a2261646420696e70757420666f726d6174223b733a343a2274797065223b693a3132383b733a363a22776569676874223b693a313b733a363a22616363657373223b623a313b733a333a22706964223b733a313a2237223b7d693a2d343b613a363a7b733a343a2270617468223b733a32303a2261646d696e2f66696c746572732f64656c657465223b733a353a227469746c65223b733a31393a2264656c65746520696e70757420666f726d6174223b733a343a2274797065223b693a343b733a363a22616363657373223b623a313b733a363a22776569676874223b693a303b733a333a22706964223b733a313a2237223b7d693a2d373b613a353a7b733a343a2270617468223b733a31393a2261646d696e2f6e6f64652f6f76657276696577223b733a353a227469746c65223b733a343a226c697374223b733a343a2274797065223b693a3634303b733a363a22776569676874223b693a2d31303b733a333a22706964223b733a313a2238223b7d693a2d31323b613a363a7b733a343a2270617468223b733a373a227273732e786d6c223b733a353a227469746c65223b733a383a227273732066656564223b733a363a22616363657373223b623a313b733a343a2274797065223b693a343b733a363a22776569676874223b693a303b733a333a22706964223b693a313b7d693a2d31333b613a363a7b733a343a2270617468223b733a31323a2273797374656d2f66696c6573223b733a353a227469746c65223b733a31333a2266696c6520646f776e6c6f6164223b733a363a22616363657373223b623a313b733a343a2274797065223b693a343b733a363a22776569676874223b693a303b733a333a22706964223b693a313b7d693a2d31363b613a363a7b733a343a2270617468223b733a31393a2261646d696e2f7468656d65732f73656c656374223b733a353a227469746c65223b733a343a226c697374223b733a363a22616363657373223b623a313b733a343a2274797065223b693a3634303b733a363a22776569676874223b693a2d313b733a333a22706964223b733a323a223130223b7d693a2d31373b613a373a7b733a343a2270617468223b733a32313a2261646d696e2f7468656d65732f73657474696e6773223b733a353a227469746c65223b733a393a22636f6e666967757265223b733a363a22616363657373223b623a313b733a343a2274797065223b693a3132383b733a363a22776569676874223b693a303b733a333a22706964223b733a323a223130223b733a383a226368696c6472656e223b613a323a7b693a303b693a2d31383b693a313b693a2d31393b7d7d693a2d31383b613a363a7b733a343a2270617468223b733a32383a2261646d696e2f7468656d65732f73657474696e67732f676c6f62616c223b733a353a227469746c65223b733a31353a22676c6f62616c2073657474696e6773223b733a363a22616363657373223b623a313b733a343a2274797065223b693a3634303b733a363a22776569676874223b693a2d313b733a333a22706964223b693a2d31373b7d693a2d31393b613a363a7b733a343a2270617468223b733a32393a2261646d696e2f7468656d65732f73657474696e67732f66697265726564223b733a353a227469746c65223b733a373a2266697265726564223b733a363a22616363657373223b623a313b733a343a2274797065223b693a3132383b733a363a22776569676874223b693a303b733a333a22706964223b693a2d31373b7d693a2d32323b613a373a7b733a343a2270617468223b733a343a2275736572223b733a353a227469746c65223b733a31323a2275736572206163636f756e74223b733a363a22616363657373223b623a313b733a343a2274797065223b693a343b733a363a22776569676874223b693a303b733a333a22706964223b693a313b733a383a226368696c6472656e223b613a373a7b693a303b693a2d32333b693a313b693a2d32343b693a323b693a2d32353b693a333b693a2d32363b693a343b693a2d32373b693a353b693a2d32383b693a363b693a2d34333b7d7d693a2d32333b613a363a7b733a343a2270617468223b733a31373a22757365722f6175746f636f6d706c657465223b733a353a227469746c65223b733a31373a2275736572206175746f636f6d706c657465223b733a363a22616363657373223b623a313b733a343a2274797065223b693a343b733a363a22776569676874223b693a303b733a333a22706964223b693a2d32323b7d693a2d32343b613a353a7b733a343a2270617468223b733a31303a22757365722f6c6f67696e223b733a353a227469746c65223b733a363a226c6f6720696e223b733a343a2274797065223b693a3634303b733a363a22776569676874223b693a303b733a333a22706964223b693a2d32323b7d693a2d32353b613a363a7b733a343a2270617468223b733a31333a22757365722f7265676973746572223b733a353a227469746c65223b733a383a227265676973746572223b733a363a22616363657373223b623a303b733a343a2274797065223b693a3132383b733a363a22776569676874223b693a303b733a333a22706964223b693a2d32323b7d693a2d32363b613a363a7b733a343a2270617468223b733a31333a22757365722f70617373776f7264223b733a353a227469746c65223b733a32303a2272657175657374206e65772070617373776f7264223b733a363a22616363657373223b623a303b733a343a2274797065223b693a3132383b733a363a22776569676874223b693a303b733a333a22706964223b693a2d32323b7d693a2d32373b613a363a7b733a343a2270617468223b733a31303a22757365722f7265736574223b733a353a227469746c65223b733a31343a2272657365742070617373776f7264223b733a363a22616363657373223b623a313b733a343a2274797065223b693a343b733a363a22776569676874223b693a303b733a333a22706964223b693a2d32323b7d693a2d32383b613a353a7b733a343a2270617468223b733a393a22757365722f68656c70223b733a353a227469746c65223b733a343a2268656c70223b733a343a2274797065223b693a343b733a363a22776569676874223b693a303b733a333a22706964223b693a2d32323b7d693a2d33303b613a353a7b733a343a2270617468223b733a31353a2261646d696e2f757365722f6c697374223b733a353a227469746c65223b733a343a226c697374223b733a343a2274797065223b693a3634303b733a363a22776569676874223b693a2d31303b733a333a22706964223b733a323a223133223b7d693a2d33313b613a363a7b733a343a2270617468223b733a31373a2261646d696e2f757365722f637265617465223b733a353a227469746c65223b733a383a226164642075736572223b733a363a22616363657373223b623a313b733a343a2274797065223b693a3132383b733a363a22776569676874223b693a303b733a333a22706964223b733a323a223133223b7d693a2d33343b613a363a7b733a343a2270617468223b733a32343a2261646d696e2f6163636573732f7065726d697373696f6e73223b733a353a227469746c65223b733a31313a227065726d697373696f6e73223b733a363a22616363657373223b623a313b733a343a2274797065223b693a3634303b733a363a22776569676874223b693a2d31303b733a333a22706964223b733a323a223134223b7d693a2d33353b613a373a7b733a343a2270617468223b733a31383a2261646d696e2f6163636573732f726f6c6573223b733a353a227469746c65223b733a353a22726f6c6573223b733a363a22616363657373223b623a313b733a343a2274797065223b693a3132383b733a363a22776569676874223b693a303b733a333a22706964223b733a323a223134223b733a383a226368696c6472656e223b613a313a7b693a303b693a2d33363b7d7d693a2d33363b613a363a7b733a343a2270617468223b733a32333a2261646d696e2f6163636573732f726f6c65732f65646974223b733a353a227469746c65223b733a393a226564697420726f6c65223b733a363a22616363657373223b623a313b733a343a2274797065223b693a343b733a363a22776569676874223b693a303b733a333a22706964223b693a2d33353b7d693a2d33373b613a373a7b733a343a2270617468223b733a31383a2261646d696e2f6163636573732f72756c6573223b733a353a227469746c65223b733a31323a226163636573732072756c6573223b733a363a22616363657373223b623a313b733a343a2274797065223b693a3132383b733a363a22776569676874223b693a31303b733a333a22706964223b733a323a223134223b733a383a226368696c6472656e223b613a353a7b693a303b693a2d33383b693a313b693a2d33393b693a323b693a2d34303b693a333b693a2d34313b693a343b693a2d34323b7d7d693a2d33383b613a363a7b733a343a2270617468223b733a32333a2261646d696e2f6163636573732f72756c65732f6c697374223b733a353a227469746c65223b733a343a226c697374223b733a363a22616363657373223b623a313b733a343a2274797065223b693a3634303b733a363a22776569676874223b693a2d31303b733a333a22706964223b693a2d33373b7d693a2d33393b613a363a7b733a343a2270617468223b733a32323a2261646d696e2f6163636573732f72756c65732f616464223b733a353a227469746c65223b733a383a226164642072756c65223b733a363a22616363657373223b623a313b733a343a2274797065223b693a3132383b733a363a22776569676874223b693a303b733a333a22706964223b693a2d33373b7d693a2d34303b613a363a7b733a343a2270617468223b733a32343a2261646d696e2f6163636573732f72756c65732f636865636b223b733a353a227469746c65223b733a31313a22636865636b2072756c6573223b733a363a22616363657373223b623a313b733a343a2274797065223b693a3132383b733a363a22776569676874223b693a303b733a333a22706964223b693a2d33373b7d693a2d34313b613a363a7b733a343a2270617468223b733a32333a2261646d696e2f6163636573732f72756c65732f65646974223b733a353a227469746c65223b733a393a22656469742072756c65223b733a363a22616363657373223b623a313b733a343a2274797065223b693a343b733a363a22776569676874223b693a303b733a333a22706964223b693a2d33373b7d693a2d34323b613a363a7b733a343a2270617468223b733a32353a2261646d696e2f6163636573732f72756c65732f64656c657465223b733a353a227469746c65223b733a31313a2264656c6574652072756c65223b733a363a22616363657373223b623a313b733a343a2274797065223b693a343b733a363a22776569676874223b693a303b733a333a22706964223b693a2d33373b7d693a2d34333b613a363a7b733a343a2270617468223b733a363a22757365722f31223b733a353a227469746c65223b733a31303a226d79206163636f756e74223b733a363a22616363657373223b623a313b733a343a2274797065223b693a363b733a363a22776569676874223b693a303b733a333a22706964223b693a2d32323b7d693a2d34363b613a353a7b733a343a2270617468223b733a31363a2261646d696e2f6c6f67732f6576656e74223b733a353a227469746c65223b733a373a2264657461696c73223b733a343a2274797065223b693a343b733a363a22776569676874223b693a303b733a333a22706964223b733a323a223135223b7d693a2d34383b613a363a7b733a343a2270617468223b733a31363a2261646d696e2f626c6f636b2f6c697374223b733a353a227469746c65223b733a343a226c697374223b733a343a2274797065223b693a3634303b733a363a22776569676874223b693a2d31303b733a333a22706964223b733a323a223136223b733a383a226368696c6472656e223b613a313a7b693a303b693a2d35323b7d7d693a2d34393b613a363a7b733a343a2270617468223b733a32313a2261646d696e2f626c6f636b2f636f6e666967757265223b733a353a227469746c65223b733a31353a22636f6e66696775726520626c6f636b223b733a363a22616363657373223b623a313b733a343a2274797065223b693a343b733a363a22776569676874223b693a303b733a333a22706964223b733a323a223136223b7d693a2d35303b613a363a7b733a343a2270617468223b733a31383a2261646d696e2f626c6f636b2f64656c657465223b733a353a227469746c65223b733a31323a2264656c65746520626c6f636b223b733a363a22616363657373223b623a313b733a343a2274797065223b693a343b733a363a22776569676874223b693a303b733a333a22706964223b733a323a223136223b7d693a2d35313b613a363a7b733a343a2270617468223b733a31353a2261646d696e2f626c6f636b2f616464223b733a353a227469746c65223b733a393a2261646420626c6f636b223b733a363a22616363657373223b623a313b733a343a2274797065223b693a3132383b733a363a22776569676874223b693a303b733a333a22706964223b733a323a223136223b7d693a2d35323b613a363a7b733a343a2270617468223b733a32343a2261646d696e2f626c6f636b2f6c6973742f66697265726564223b733a353a227469746c65223b733a31363a22666972657265642073657474696e6773223b733a363a22616363657373223b623a313b733a343a2274797065223b693a3634303b733a363a22776569676874223b693a2d31303b733a333a22706964223b693a2d34383b7d693a2d35343b613a363a7b733a343a2270617468223b733a31363a2261646d696e2f68656c702f626c6f636b223b733a353a227469746c65223b733a353a22626c6f636b223b733a343a2274797065223b693a343b733a363a22616363657373223b623a313b733a363a22776569676874223b693a303b733a333a22706964223b733a323a223138223b7d693a2d35353b613a363a7b733a343a2270617468223b733a31383a2261646d696e2f68656c702f636f6d6d656e74223b733a353a227469746c65223b733a373a22636f6d6d656e74223b733a343a2274797065223b693a343b733a363a22616363657373223b623a313b733a363a22776569676874223b693a303b733a333a22706964223b733a323a223138223b7d693a2d35363b613a363a7b733a343a2270617468223b733a31373a2261646d696e2f68656c702f66696c746572223b733a353a227469746c65223b733a363a2266696c746572223b733a343a2274797065223b693a343b733a363a22616363657373223b623a313b733a363a22776569676874223b693a303b733a333a22706964223b733a323a223138223b7d693a2d35373b613a363a7b733a343a2270617468223b733a31353a2261646d696e2f68656c702f68656c70223b733a353a227469746c65223b733a343a2268656c70223b733a343a2274797065223b693a343b733a363a22616363657373223b623a313b733a363a22776569676874223b693a303b733a333a22706964223b733a323a223138223b7d693a2d35383b613a363a7b733a343a2270617468223b733a31353a2261646d696e2f68656c702f6d656e75223b733a353a227469746c65223b733a343a226d656e75223b733a343a2274797065223b693a343b733a363a22616363657373223b623a313b733a363a22776569676874223b693a303b733a333a22706964223b733a323a223138223b7d693a2d35393b613a363a7b733a343a2270617468223b733a31353a2261646d696e2f68656c702f6e6f6465223b733a353a227469746c65223b733a343a226e6f6465223b733a343a2274797065223b693a343b733a363a22616363657373223b623a313b733a363a22776569676874223b693a303b733a333a22706964223b733a323a223138223b7d693a2d36303b613a363a7b733a343a2270617468223b733a31353a2261646d696e2f68656c702f70616765223b733a353a227469746c65223b733a343a2270616765223b733a343a2274797065223b693a343b733a363a22616363657373223b623a313b733a363a22776569676874223b693a303b733a333a22706964223b733a323a223138223b7d693a2d36313b613a363a7b733a343a2270617468223b733a31363a2261646d696e2f68656c702f73746f7279223b733a353a227469746c65223b733a353a2273746f7279223b733a343a2274797065223b693a343b733a363a22616363657373223b623a313b733a363a22776569676874223b693a303b733a333a22706964223b733a323a223138223b7d693a2d36323b613a363a7b733a343a2270617468223b733a31373a2261646d696e2f68656c702f73797374656d223b733a353a227469746c65223b733a363a2273797374656d223b733a343a2274797065223b693a343b733a363a22616363657373223b623a313b733a363a22776569676874223b693a303b733a333a22706964223b733a323a223138223b7d693a2d36333b613a363a7b733a343a2270617468223b733a31393a2261646d696e2f68656c702f7461786f6e6f6d79223b733a353a227469746c65223b733a383a227461786f6e6f6d79223b733a343a2274797065223b693a343b733a363a22616363657373223b623a313b733a363a22776569676874223b693a303b733a333a22706964223b733a323a223138223b7d693a2d36343b613a363a7b733a343a2270617468223b733a31353a2261646d696e2f68656c702f75736572223b733a353a227469746c65223b733a343a2275736572223b733a343a2274797065223b693a343b733a363a22616363657373223b623a313b733a363a22776569676874223b693a303b733a333a22706964223b733a323a223138223b7d693a2d36353b613a363a7b733a343a2270617468223b733a31393a2261646d696e2f68656c702f7761746368646f67223b733a353a227469746c65223b733a383a227761746368646f67223b733a343a2274797065223b693a343b733a363a22616363657373223b623a313b733a363a22776569676874223b693a303b733a333a22706964223b733a323a223138223b7d693a2d36373b613a353a7b733a343a2270617468223b733a31393a2261646d696e2f7461786f6e6f6d792f6c697374223b733a353a227469746c65223b733a343a226c697374223b733a343a2274797065223b693a3634303b733a363a22776569676874223b693a2d31303b733a333a22706964223b733a323a223230223b7d693a2d36383b613a363a7b733a343a2270617468223b733a32393a2261646d696e2f7461786f6e6f6d792f6164642f766f636162756c617279223b733a353a227469746c65223b733a31343a2261646420766f636162756c617279223b733a363a22616363657373223b623a313b733a343a2274797065223b693a3132383b733a363a22776569676874223b693a303b733a333a22706964223b733a323a223230223b7d693a2d36393b613a363a7b733a343a2270617468223b733a33303a2261646d696e2f7461786f6e6f6d792f656469742f766f636162756c617279223b733a353a227469746c65223b733a31353a226564697420766f636162756c617279223b733a363a22616363657373223b623a313b733a343a2274797065223b693a343b733a363a22776569676874223b693a303b733a333a22706964223b733a323a223230223b7d693a2d37303b613a363a7b733a343a2270617468223b733a32343a2261646d696e2f7461786f6e6f6d792f656469742f7465726d223b733a353a227469746c65223b733a393a2265646974207465726d223b733a363a22616363657373223b623a313b733a343a2274797065223b693a343b733a363a22776569676874223b693a303b733a333a22706964223b733a323a223230223b7d693a2d37313b613a363a7b733a343a2270617468223b733a31333a227461786f6e6f6d792f7465726d223b733a353a227469746c65223b733a31333a227461786f6e6f6d79207465726d223b733a363a22616363657373223b623a313b733a343a2274797065223b693a343b733a363a22776569676874223b693a303b733a333a22706964223b693a313b7d693a2d37323b613a363a7b733a343a2270617468223b733a32313a227461786f6e6f6d792f6175746f636f6d706c657465223b733a353a227469746c65223b733a32313a226175746f636f6d706c657465207461786f6e6f6d79223b733a363a22616363657373223b623a313b733a343a2274797065223b693a343b733a363a22776569676874223b693a303b733a333a22706964223b693a313b7d693a2d37343b613a363a7b733a343a2270617468223b733a31383a2261646d696e2f636f6d6d656e742f6c697374223b733a353a227469746c65223b733a343a226c697374223b733a343a2274797065223b693a3634303b733a363a22776569676874223b693a2d31303b733a333a22706964223b733a323a223137223b733a383a226368696c6472656e223b613a323a7b693a303b693a2d37363b693a313b693a2d37373b7d7d693a2d37353b613a373a7b733a343a2270617468223b733a32333a2261646d696e2f636f6d6d656e742f636f6e666967757265223b733a353a227469746c65223b733a393a22636f6e666967757265223b733a363a22616363657373223b623a313b733a343a2274797065223b693a3132383b733a363a22776569676874223b693a303b733a333a22706964223b733a323a223137223b733a383a226368696c6472656e223b613a313a7b693a303b693a2d37383b7d7d693a2d37363b613a353a7b733a343a2270617468223b733a32323a2261646d696e2f636f6d6d656e742f6c6973742f6e6577223b733a353a227469746c65223b733a31383a227075626c697368656420636f6d6d656e7473223b733a343a2274797065223b693a3634303b733a363a22776569676874223b693a2d31303b733a333a22706964223b693a2d37343b7d693a2d37373b613a363a7b733a343a2270617468223b733a32373a2261646d696e2f636f6d6d656e742f6c6973742f617070726f76616c223b733a353a227469746c65223b733a31343a22617070726f76616c207175657565223b733a363a22616363657373223b623a313b733a343a2274797065223b693a3132383b733a363a22776569676874223b693a303b733a333a22706964223b693a2d37343b7d693a2d37383b613a353a7b733a343a2270617468223b733a33323a2261646d696e2f636f6d6d656e742f636f6e6669677572652f73657474696e6773223b733a353a227469746c65223b733a383a2273657474696e6773223b733a343a2274797065223b693a3634303b733a363a22776569676874223b693a2d31303b733a333a22706964223b693a2d37353b7d693a2d37393b613a363a7b733a343a2270617468223b733a31343a22636f6d6d656e742f64656c657465223b733a353a227469746c65223b733a31343a2264656c65746520636f6d6d656e74223b733a363a22616363657373223b623a313b733a343a2274797065223b693a343b733a363a22776569676874223b693a303b733a333a22706964223b693a313b7d693a2d38303b613a363a7b733a343a2270617468223b733a31323a22636f6d6d656e742f65646974223b733a353a227469746c65223b733a31323a226564697420636f6d6d656e74223b733a363a22616363657373223b623a313b733a343a2274797065223b693a343b733a363a22776569676874223b693a303b733a333a22706964223b693a313b7d693a2d38313b613a353a7b733a343a2270617468223b733a31333a226a75706c6f61642f7374617274223b733a343a2274797065223b693a343b733a363a22616363657373223b623a313b733a363a22776569676874223b693a303b733a333a22706964223b693a313b7d693a2d38333b613a353a7b733a343a2270617468223b733a31353a2261646d696e2f6d656e752f6c697374223b733a353a227469746c65223b733a343a226c697374223b733a343a2274797065223b693a3634303b733a363a22776569676874223b693a2d31303b733a333a22706964223b733a323a223139223b7d693a2d38343b613a363a7b733a343a2270617468223b733a31393a2261646d696e2f6d656e752f6974656d2f616464223b733a353a227469746c65223b733a31333a22616464206d656e75206974656d223b733a363a22616363657373223b623a313b733a343a2274797065223b693a3132383b733a363a22776569676874223b693a303b733a333a22706964223b733a323a223139223b7d693a2d38353b613a363a7b733a343a2270617468223b733a32303a2261646d696e2f6d656e752f6974656d2f65646974223b733a353a227469746c65223b733a31343a2265646974206d656e75206974656d223b733a363a22616363657373223b623a313b733a343a2274797065223b693a343b733a363a22776569676874223b693a303b733a333a22706964223b733a323a223139223b7d693a2d38363b613a363a7b733a343a2270617468223b733a32313a2261646d696e2f6d656e752f6974656d2f7265736574223b733a353a227469746c65223b733a31353a227265736574206d656e75206974656d223b733a363a22616363657373223b623a313b733a343a2274797065223b693a343b733a363a22776569676874223b693a303b733a333a22706964223b733a323a223139223b7d693a2d38373b613a363a7b733a343a2270617468223b733a32333a2261646d696e2f6d656e752f6974656d2f64697361626c65223b733a353a227469746c65223b733a31373a2264697361626c65206d656e75206974656d223b733a363a22616363657373223b623a313b733a343a2274797065223b693a343b733a363a22776569676874223b693a303b733a333a22706964223b733a323a223139223b7d693a2d38383b613a363a7b733a343a2270617468223b733a32323a2261646d696e2f6d656e752f6974656d2f64656c657465223b733a353a227469746c65223b733a31363a2264656c657465206d656e75206974656d223b733a363a22616363657373223b623a313b733a343a2274797065223b693a343b733a363a22776569676874223b693a303b733a333a22706964223b733a323a223139223b7d693a2d38393b613a363a7b733a343a2270617468223b733a31393a2261646d696e2f6d656e752f6d656e752f616464223b733a353a227469746c65223b733a383a22616464206d656e75223b733a363a22616363657373223b623a313b733a343a2274797065223b693a3132383b733a363a22776569676874223b693a303b733a333a22706964223b733a323a223139223b7d693a2d39303b613a363a7b733a343a2270617468223b733a32303a2261646d696e2f6d656e752f6d656e752f65646974223b733a353a227469746c65223b733a393a2265646974206d656e75223b733a363a22616363657373223b623a313b733a343a2274797065223b693a343b733a363a22776569676874223b693a303b733a333a22706964223b733a323a223139223b7d693a2d39313b613a363a7b733a343a2270617468223b733a32323a2261646d696e2f6d656e752f6d656e752f64656c657465223b733a353a227469746c65223b733a31313a2264656c657465206d656e75223b733a363a22616363657373223b623a313b733a343a2274797065223b693a343b733a363a22776569676874223b693a303b733a333a22706964223b733a323a223139223b7d693a323b613a363a7b733a343a2270617468223b733a303a22223b733a353a227469746c65223b733a31333a225072696d617279206c696e6b73223b733a31313a226465736372697074696f6e223b733a303a22223b733a333a22706964223b733a313a2230223b733a363a22776569676874223b733a313a2230223b733a343a2274797065223b733a333a22313135223b7d693a333b613a363a7b733a343a2270617468223b733a31313a2266696c7465722f74697073223b733a353a227469746c65223b733a31323a22636f6d706f73652074697073223b733a363a22616363657373223b623a313b733a343a2274797065223b693a32303b733a363a22776569676874223b693a303b733a333a22706964223b693a313b7d693a343b613a373a7b733a343a2270617468223b733a343a226e6f6465223b733a353a227469746c65223b733a373a22636f6e74656e74223b733a363a22616363657373223b623a313b733a343a2274797065223b693a31363b733a363a22776569676874223b693a303b733a333a22706964223b693a313b733a383a226368696c6472656e223b613a313a7b693a303b693a393b7d7d693a353b613a373a7b733a343a2270617468223b733a353a2261646d696e223b733a353a227469746c65223b733a31303a2261646d696e6973746572223b733a363a22616363657373223b623a313b733a363a22776569676874223b693a393b733a343a2274797065223b693a32323b733a333a22706964223b693a313b733a383a226368696c6472656e223b613a31333a7b693a303b693a373b693a313b693a383b693a323b693a31303b693a333b693a31313b693a343b693a31323b693a353b693a31333b693a363b693a31343b693a373b693a31353b693a383b693a31363b693a393b693a31373b693a31303b693a31383b693a31313b693a31393b693a31323b693a32303b7d7d693a363b613a363a7b733a343a2270617468223b733a363a226c6f676f7574223b733a353a227469746c65223b733a373a226c6f67206f7574223b733a363a22616363657373223b623a313b733a363a22776569676874223b693a31303b733a343a2274797065223b693a32323b733a333a22706964223b693a313b7d693a373b613a373a7b733a343a2270617468223b733a31333a2261646d696e2f66696c74657273223b733a353a227469746c65223b733a31333a22696e70757420666f726d617473223b733a363a22616363657373223b623a313b733a343a2274797065223b693a32323b733a363a22776569676874223b693a303b733a383a226368696c6472656e223b613a333a7b693a303b693a2d323b693a313b693a2d333b693a323b693a2d343b7d733a333a22706964223b733a313a2235223b7d693a383b613a373a7b733a343a2270617468223b733a31303a2261646d696e2f6e6f6465223b733a353a227469746c65223b733a373a22636f6e74656e74223b733a363a22616363657373223b623a313b733a343a2274797065223b693a32323b733a363a22776569676874223b693a303b733a383a226368696c6472656e223b613a313a7b693a303b693a2d373b7d733a333a22706964223b733a313a2235223b7d693a393b613a373a7b733a343a2270617468223b733a383a226e6f64652f616464223b733a353a227469746c65223b733a31343a2263726561746520636f6e74656e74223b733a363a22616363657373223b623a313b733a343a2274797065223b693a32383b733a363a22776569676874223b693a313b733a333a22706964223b733a313a2234223b733a383a226368696c6472656e223b613a323a7b693a303b693a32353b693a313b693a32363b7d7d693a31303b613a373a7b733a343a2270617468223b733a31323a2261646d696e2f7468656d6573223b733a353a227469746c65223b733a363a227468656d6573223b733a363a22616363657373223b623a313b733a343a2274797065223b693a32323b733a363a22776569676874223b693a303b733a383a226368696c6472656e223b613a323a7b693a303b693a2d31363b693a313b693a2d31373b7d733a333a22706964223b733a313a2235223b7d693a31313b613a373a7b733a343a2270617468223b733a31343a2261646d696e2f73657474696e6773223b733a353a227469746c65223b733a383a2273657474696e6773223b733a363a22616363657373223b623a313b733a343a2274797065223b693a32323b733a363a22776569676874223b693a303b733a333a22706964223b733a313a2235223b733a383a226368696c6472656e223b613a343a7b693a303b693a32313b693a313b693a32323b693a323b693a32333b693a333b693a32343b7d7d693a31323b613a363a7b733a343a2270617468223b733a31333a2261646d696e2f6d6f64756c6573223b733a353a227469746c65223b733a373a226d6f64756c6573223b733a363a22616363657373223b623a313b733a343a2274797065223b693a32323b733a363a22776569676874223b693a303b733a333a22706964223b733a313a2235223b7d693a31333b613a373a7b733a343a2270617468223b733a31303a2261646d696e2f75736572223b733a353a227469746c65223b733a353a227573657273223b733a363a22616363657373223b623a313b733a343a2274797065223b693a32323b733a363a22776569676874223b693a303b733a383a226368696c6472656e223b613a323a7b693a303b693a2d33303b693a313b693a2d33313b7d733a333a22706964223b733a313a2235223b7d693a31343b613a373a7b733a343a2270617468223b733a31323a2261646d696e2f616363657373223b733a353a227469746c65223b733a31343a2261636365737320636f6e74726f6c223b733a363a22616363657373223b623a313b733a343a2274797065223b693a32323b733a363a22776569676874223b693a303b733a383a226368696c6472656e223b613a333a7b693a303b693a2d33343b693a313b693a2d33353b693a323b693a2d33373b7d733a333a22706964223b733a313a2235223b7d693a31353b613a363a7b733a343a2270617468223b733a31303a2261646d696e2f6c6f6773223b733a353a227469746c65223b733a343a226c6f6773223b733a343a2274797065223b693a32323b733a363a22776569676874223b693a303b733a383a226368696c6472656e223b613a313a7b693a303b693a2d34363b7d733a333a22706964223b733a313a2235223b7d693a31363b613a373a7b733a343a2270617468223b733a31313a2261646d696e2f626c6f636b223b733a353a227469746c65223b733a363a22626c6f636b73223b733a363a22616363657373223b623a313b733a343a2274797065223b693a32323b733a363a22776569676874223b693a303b733a383a226368696c6472656e223b613a343a7b693a303b693a2d34383b693a313b693a2d34393b693a323b693a2d35303b693a333b693a2d35313b7d733a333a22706964223b733a313a2235223b7d693a31373b613a373a7b733a343a2270617468223b733a31333a2261646d696e2f636f6d6d656e74223b733a353a227469746c65223b733a383a22636f6d6d656e7473223b733a363a22616363657373223b623a313b733a343a2274797065223b693a32323b733a363a22776569676874223b693a303b733a383a226368696c6472656e223b613a323a7b693a303b693a2d37343b693a313b693a2d37353b7d733a333a22706964223b733a313a2235223b7d693a31383b613a373a7b733a343a2270617468223b733a31303a2261646d696e2f68656c70223b733a353a227469746c65223b733a343a2268656c70223b733a363a22616363657373223b623a313b733a363a22776569676874223b693a393b733a343a2274797065223b693a32323b733a383a226368696c6472656e223b613a31323a7b693a303b693a2d35343b693a313b693a2d35353b693a323b693a2d35363b693a333b693a2d35373b693a343b693a2d35383b693a353b693a2d35393b693a363b693a2d36303b693a373b693a2d36313b693a383b693a2d36323b693a393b693a2d36333b693a31303b693a2d36343b693a31313b693a2d36353b7d733a333a22706964223b733a313a2235223b7d693a31393b613a373a7b733a343a2270617468223b733a31303a2261646d696e2f6d656e75223b733a353a227469746c65223b733a353a226d656e7573223b733a363a22616363657373223b623a313b733a343a2274797065223b693a32323b733a363a22776569676874223b693a303b733a383a226368696c6472656e223b613a393a7b693a303b693a2d38333b693a313b693a2d38343b693a323b693a2d38353b693a333b693a2d38363b693a343b693a2d38373b693a353b693a2d38383b693a363b693a2d38393b693a373b693a2d39303b693a383b693a2d39313b7d733a333a22706964223b733a313a2235223b7d693a32303b613a373a7b733a343a2270617468223b733a31343a2261646d696e2f7461786f6e6f6d79223b733a353a227469746c65223b733a31303a2263617465676f72696573223b733a363a22616363657373223b623a313b733a343a2274797065223b693a32323b733a363a22776569676874223b693a303b733a383a226368696c6472656e223b613a343a7b693a303b693a2d36373b693a313b693a2d36383b693a323b693a2d36393b693a333b693a2d37303b7d733a333a22706964223b733a313a2235223b7d693a32313b613a363a7b733a343a2270617468223b733a31393a2261646d696e2f73657474696e67732f6e6f6465223b733a353a227469746c65223b733a353a22706f737473223b733a363a22616363657373223b623a313b733a343a2274797065223b693a32323b733a363a22776569676874223b693a303b733a333a22706964223b733a323a223131223b7d693a32323b613a363a7b733a343a2270617468223b733a32383a2261646d696e2f73657474696e67732f636f6e74656e742d7479706573223b733a353a227469746c65223b733a31333a22636f6e74656e74207479706573223b733a363a22616363657373223b623a313b733a343a2274797065223b693a32323b733a363a22776569676874223b693a303b733a333a22706964223b733a323a223131223b7d693a32333b613a353a7b733a343a2270617468223b733a31393a2261646d696e2f73657474696e67732f75736572223b733a353a227469746c65223b733a353a227573657273223b733a343a2274797065223b693a32323b733a363a22776569676874223b693a303b733a333a22706964223b733a323a223131223b7d693a32343b613a353a7b733a343a2270617468223b733a31393a2261646d696e2f73657474696e67732f6d656e75223b733a353a227469746c65223b733a353a226d656e7573223b733a343a2274797065223b693a32323b733a363a22776569676874223b693a303b733a333a22706964223b733a323a223131223b7d693a32353b613a363a7b733a343a2270617468223b733a31333a226e6f64652f6164642f70616765223b733a353a227469746c65223b733a343a2270616765223b733a363a22616363657373223b623a313b733a343a2274797065223b693a32323b733a363a22776569676874223b693a303b733a333a22706964223b733a313a2239223b7d693a32363b613a363a7b733a343a2270617468223b733a31343a226e6f64652f6164642f73746f7279223b733a353a227469746c65223b733a353a2273746f7279223b733a363a22616363657373223b623a313b733a343a2274797065223b693a32323b733a363a22776569676874223b693a303b733a333a22706964223b733a313a2239223b7d7d733a393a2263616c6c6261636b73223b613a38323a7b733a31333a2261646d696e2f66696c74657273223b613a313a7b733a383a2263616c6c6261636b223b733a32313a2266696c7465725f61646d696e5f6f76657276696577223b7d733a31383a2261646d696e2f66696c746572732f6c697374223b613a313a7b733a383a2263616c6c6261636b223b733a32313a2266696c7465725f61646d696e5f6f76657276696577223b7d733a31373a2261646d696e2f66696c746572732f616464223b613a313a7b733a383a2263616c6c6261636b223b733a32343a2266696c7465725f61646d696e5f666f726d61745f666f726d223b7d733a32303a2261646d696e2f66696c746572732f64656c657465223b613a313a7b733a383a2263616c6c6261636b223b733a31393a2266696c7465725f61646d696e5f64656c657465223b7d733a31313a2266696c7465722f74697073223b613a313a7b733a383a2263616c6c6261636b223b733a31363a2266696c7465725f746970735f6c6f6e67223b7d733a31303a2261646d696e2f6e6f6465223b613a313a7b733a383a2263616c6c6261636b223b733a31363a226e6f64655f61646d696e5f6e6f646573223b7d733a31393a2261646d696e2f73657474696e67732f6e6f6465223b613a313a7b733a383a2263616c6c6261636b223b733a31343a226e6f64655f636f6e666967757265223b7d733a32383a2261646d696e2f73657474696e67732f636f6e74656e742d7479706573223b613a313a7b733a383a2263616c6c6261636b223b733a32303a226e6f64655f74797065735f636f6e666967757265223b7d733a343a226e6f6465223b613a313a7b733a383a2263616c6c6261636b223b733a393a226e6f64655f70616765223b7d733a383a226e6f64652f616464223b613a313a7b733a383a2263616c6c6261636b223b733a393a226e6f64655f70616765223b7d733a373a227273732e786d6c223b613a313a7b733a383a2263616c6c6261636b223b733a393a226e6f64655f66656564223b7d733a31323a2273797374656d2f66696c6573223b613a313a7b733a383a2263616c6c6261636b223b733a31333a2266696c655f646f776e6c6f6164223b7d733a353a2261646d696e223b613a313a7b733a383a2263616c6c6261636b223b733a31373a227761746368646f675f6f76657276696577223b7d733a31323a2261646d696e2f7468656d6573223b613a313a7b733a383a2263616c6c6261636b223b733a31333a2273797374656d5f7468656d6573223b7d733a31393a2261646d696e2f7468656d65732f73656c656374223b613a313a7b733a383a2263616c6c6261636b223b733a31333a2273797374656d5f7468656d6573223b7d733a32313a2261646d696e2f7468656d65732f73657474696e6773223b613a313a7b733a383a2263616c6c6261636b223b733a32313a2273797374656d5f7468656d655f73657474696e6773223b7d733a32383a2261646d696e2f7468656d65732f73657474696e67732f676c6f62616c223b613a313a7b733a383a2263616c6c6261636b223b733a32313a2273797374656d5f7468656d655f73657474696e6773223b7d733a32393a2261646d696e2f7468656d65732f73657474696e67732f66697265726564223b613a323a7b733a383a2263616c6c6261636b223b733a32313a2273797374656d5f7468656d655f73657474696e6773223b733a31383a2263616c6c6261636b20617267756d656e7473223b613a313a7b693a303b733a373a2266697265726564223b7d7d733a31343a2261646d696e2f73657474696e6773223b613a313a7b733a383a2263616c6c6261636b223b733a32303a2273797374656d5f736974655f73657474696e6773223b7d733a31333a2261646d696e2f6d6f64756c6573223b613a313a7b733a383a2263616c6c6261636b223b733a31343a2273797374656d5f6d6f64756c6573223b7d733a343a2275736572223b613a313a7b733a383a2263616c6c6261636b223b733a31303a22757365725f6c6f67696e223b7d733a31373a22757365722f6175746f636f6d706c657465223b613a313a7b733a383a2263616c6c6261636b223b733a31373a22757365725f6175746f636f6d706c657465223b7d733a31303a22757365722f6c6f67696e223b613a313a7b733a383a2263616c6c6261636b223b733a31303a22757365725f6c6f67696e223b7d733a31333a22757365722f7265676973746572223b613a313a7b733a383a2263616c6c6261636b223b733a31333a22757365725f7265676973746572223b7d733a31333a22757365722f70617373776f7264223b613a313a7b733a383a2263616c6c6261636b223b733a393a22757365725f70617373223b7d733a31303a22757365722f7265736574223b613a313a7b733a383a2263616c6c6261636b223b733a31353a22757365725f706173735f7265736574223b7d733a393a22757365722f68656c70223b613a313a7b733a383a2263616c6c6261636b223b733a31343a22757365725f68656c705f70616765223b7d733a31303a2261646d696e2f75736572223b613a313a7b733a383a2263616c6c6261636b223b733a31303a22757365725f61646d696e223b7d733a31373a2261646d696e2f757365722f637265617465223b613a313a7b733a383a2263616c6c6261636b223b733a31303a22757365725f61646d696e223b7d733a31393a2261646d696e2f73657474696e67732f75736572223b613a313a7b733a383a2263616c6c6261636b223b733a31343a22757365725f636f6e666967757265223b7d733a31323a2261646d696e2f616363657373223b613a313a7b733a383a2263616c6c6261636b223b733a31353a22757365725f61646d696e5f7065726d223b7d733a32343a2261646d696e2f6163636573732f7065726d697373696f6e73223b613a313a7b733a383a2263616c6c6261636b223b733a31353a22757365725f61646d696e5f7065726d223b7d733a31383a2261646d696e2f6163636573732f726f6c6573223b613a313a7b733a383a2263616c6c6261636b223b733a31353a22757365725f61646d696e5f726f6c65223b7d733a32333a2261646d696e2f6163636573732f726f6c65732f65646974223b613a313a7b733a383a2263616c6c6261636b223b733a31353a22757365725f61646d696e5f726f6c65223b7d733a31383a2261646d696e2f6163636573732f72756c6573223b613a313a7b733a383a2263616c6c6261636b223b733a31373a22757365725f61646d696e5f616363657373223b7d733a32323a2261646d696e2f6163636573732f72756c65732f616464223b613a313a7b733a383a2263616c6c6261636b223b733a32313a22757365725f61646d696e5f6163636573735f616464223b7d733a32343a2261646d696e2f6163636573732f72756c65732f636865636b223b613a313a7b733a383a2263616c6c6261636b223b733a32333a22757365725f61646d696e5f6163636573735f636865636b223b7d733a32333a2261646d696e2f6163636573732f72756c65732f65646974223b613a313a7b733a383a2263616c6c6261636b223b733a32323a22757365725f61646d696e5f6163636573735f65646974223b7d733a32353a2261646d696e2f6163636573732f72756c65732f64656c657465223b613a313a7b733a383a2263616c6c6261636b223b733a32343a22757365725f61646d696e5f6163636573735f64656c657465223b7d733a363a22757365722f31223b613a323a7b733a383a2263616c6c6261636b223b733a393a22757365725f76696577223b733a31383a2263616c6c6261636b20617267756d656e7473223b613a313a7b693a303b733a373a226d6f64756c6573223b7d7d733a363a226c6f676f7574223b613a313a7b733a383a2263616c6c6261636b223b733a31313a22757365725f6c6f676f7574223b7d733a31303a2261646d696e2f6c6f6773223b613a313a7b733a383a2263616c6c6261636b223b733a31373a227761746368646f675f6f76657276696577223b7d733a31363a2261646d696e2f6c6f67732f6576656e74223b613a313a7b733a383a2263616c6c6261636b223b733a31343a227761746368646f675f6576656e74223b7d733a31313a2261646d696e2f626c6f636b223b613a313a7b733a383a2263616c6c6261636b223b733a31393a22626c6f636b5f61646d696e5f646973706c6179223b7d733a32313a2261646d696e2f626c6f636b2f636f6e666967757265223b613a313a7b733a383a2263616c6c6261636b223b733a32313a22626c6f636b5f61646d696e5f636f6e666967757265223b7d733a31383a2261646d696e2f626c6f636b2f64656c657465223b613a313a7b733a383a2263616c6c6261636b223b733a31363a22626c6f636b5f626f785f64656c657465223b7d733a31353a2261646d696e2f626c6f636b2f616464223b613a313a7b733a383a2263616c6c6261636b223b733a31333a22626c6f636b5f626f785f616464223b7d733a31303a2261646d696e2f68656c70223b613a313a7b733a383a2263616c6c6261636b223b733a393a2268656c705f6d61696e223b7d733a31363a2261646d696e2f68656c702f626c6f636b223b613a313a7b733a383a2263616c6c6261636b223b733a393a2268656c705f70616765223b7d733a31383a2261646d696e2f68656c702f636f6d6d656e74223b613a313a7b733a383a2263616c6c6261636b223b733a393a2268656c705f70616765223b7d733a31373a2261646d696e2f68656c702f66696c746572223b613a313a7b733a383a2263616c6c6261636b223b733a393a2268656c705f70616765223b7d733a31353a2261646d696e2f68656c702f68656c70223b613a313a7b733a383a2263616c6c6261636b223b733a393a2268656c705f70616765223b7d733a31353a2261646d696e2f68656c702f6d656e75223b613a313a7b733a383a2263616c6c6261636b223b733a393a2268656c705f70616765223b7d733a31353a2261646d696e2f68656c702f6e6f6465223b613a313a7b733a383a2263616c6c6261636b223b733a393a2268656c705f70616765223b7d733a31353a2261646d696e2f68656c702f70616765223b613a313a7b733a383a2263616c6c6261636b223b733a393a2268656c705f70616765223b7d733a31363a2261646d696e2f68656c702f73746f7279223b613a313a7b733a383a2263616c6c6261636b223b733a393a2268656c705f70616765223b7d733a31373a2261646d696e2f68656c702f73797374656d223b613a313a7b733a383a2263616c6c6261636b223b733a393a2268656c705f70616765223b7d733a31393a2261646d696e2f68656c702f7461786f6e6f6d79223b613a313a7b733a383a2263616c6c6261636b223b733a393a2268656c705f70616765223b7d733a31353a2261646d696e2f68656c702f75736572223b613a313a7b733a383a2263616c6c6261636b223b733a393a2268656c705f70616765223b7d733a31393a2261646d696e2f68656c702f7761746368646f67223b613a313a7b733a383a2263616c6c6261636b223b733a393a2268656c705f70616765223b7d733a31343a2261646d696e2f7461786f6e6f6d79223b613a313a7b733a383a2263616c6c6261636b223b733a33303a227461786f6e6f6d795f6f766572766965775f766f636162756c6172696573223b7d733a32393a2261646d696e2f7461786f6e6f6d792f6164642f766f636162756c617279223b613a313a7b733a383a2263616c6c6261636b223b733a33303a227461786f6e6f6d795f61646d696e5f766f636162756c6172795f65646974223b7d733a33303a2261646d696e2f7461786f6e6f6d792f656469742f766f636162756c617279223b613a313a7b733a383a2263616c6c6261636b223b733a33303a227461786f6e6f6d795f61646d696e5f766f636162756c6172795f65646974223b7d733a32343a2261646d696e2f7461786f6e6f6d792f656469742f7465726d223b613a313a7b733a383a2263616c6c6261636b223b733a32343a227461786f6e6f6d795f61646d696e5f7465726d5f65646974223b7d733a31333a227461786f6e6f6d792f7465726d223b613a313a7b733a383a2263616c6c6261636b223b733a31383a227461786f6e6f6d795f7465726d5f70616765223b7d733a32313a227461786f6e6f6d792f6175746f636f6d706c657465223b613a313a7b733a383a2263616c6c6261636b223b733a32313a227461786f6e6f6d795f6175746f636f6d706c657465223b7d733a31333a2261646d696e2f636f6d6d656e74223b613a313a7b733a383a2263616c6c6261636b223b733a32323a22636f6d6d656e745f61646d696e5f6f76657276696577223b7d733a32333a2261646d696e2f636f6d6d656e742f636f6e666967757265223b613a313a7b733a383a2263616c6c6261636b223b733a31373a22636f6d6d656e745f636f6e666967757265223b7d733a32373a2261646d696e2f636f6d6d656e742f6c6973742f617070726f76616c223b613a323a7b733a383a2263616c6c6261636b223b733a32323a22636f6d6d656e745f61646d696e5f6f76657276696577223b733a31383a2263616c6c6261636b20617267756d656e7473223b613a313a7b693a303b733a383a22617070726f76616c223b7d7d733a31343a22636f6d6d656e742f64656c657465223b613a313a7b733a383a2263616c6c6261636b223b733a31343a22636f6d6d656e745f64656c657465223b7d733a31323a22636f6d6d656e742f65646974223b613a313a7b733a383a2263616c6c6261636b223b733a31323a22636f6d6d656e745f65646974223b7d733a31333a226a75706c6f61642f7374617274223b613a313a7b733a383a2263616c6c6261636b223b733a31323a226a75706c6f61645f70616765223b7d733a31303a2261646d696e2f6d656e75223b613a313a7b733a383a2263616c6c6261636b223b733a31333a226d656e755f6f76657276696577223b7d733a31393a2261646d696e2f6d656e752f6974656d2f616464223b613a313a7b733a383a2263616c6c6261636b223b733a31393a226d656e755f656469745f6974656d5f666f726d223b7d733a32303a2261646d696e2f6d656e752f6974656d2f65646974223b613a313a7b733a383a2263616c6c6261636b223b733a31393a226d656e755f656469745f6974656d5f666f726d223b7d733a32313a2261646d696e2f6d656e752f6974656d2f7265736574223b613a313a7b733a383a2263616c6c6261636b223b733a31353a226d656e755f72657365745f6974656d223b7d733a32333a2261646d696e2f6d656e752f6974656d2f64697361626c65223b613a313a7b733a383a2263616c6c6261636b223b733a31373a226d656e755f64697361626c655f6974656d223b7d733a32323a2261646d696e2f6d656e752f6974656d2f64656c657465223b613a313a7b733a383a2263616c6c6261636b223b733a32313a226d656e755f6974656d5f64656c6574655f666f726d223b7d733a31393a2261646d696e2f6d656e752f6d656e752f616464223b613a313a7b733a383a2263616c6c6261636b223b733a31393a226d656e755f656469745f6d656e755f666f726d223b7d733a32303a2261646d696e2f6d656e752f6d656e752f65646974223b613a313a7b733a383a2263616c6c6261636b223b733a31393a226d656e755f656469745f6d656e755f666f726d223b7d733a32323a2261646d696e2f6d656e752f6d656e752f64656c657465223b613a313a7b733a383a2263616c6c6261636b223b733a32313a226d656e755f6974656d5f64656c6574655f666f726d223b7d733a31393a2261646d696e2f73657474696e67732f6d656e75223b613a313a7b733a383a2263616c6c6261636b223b733a31343a226d656e755f636f6e666967757265223b7d7d733a373a2276697369626c65223b613a32363a7b693a32353b613a353a7b733a353a227469746c65223b733a343a2270616765223b733a343a2270617468223b733a31333a226e6f64652f6164642f70616765223b733a383a226368696c6472656e223b613a303a7b7d733a343a2274797065223b693a32323b733a333a22706964223b693a393b7d693a32363b613a353a7b733a353a227469746c65223b733a353a2273746f7279223b733a343a2270617468223b733a31343a226e6f64652f6164642f73746f7279223b733a383a226368696c6472656e223b613a303a7b7d733a343a2274797065223b693a32323b733a333a22706964223b693a393b7d693a393b613a353a7b733a353a227469746c65223b733a31343a2263726561746520636f6e74656e74223b733a343a2270617468223b733a383a226e6f64652f616464223b733a383a226368696c6472656e223b613a323a7b693a303b693a32353b693a313b693a32363b7d733a343a2274797065223b693a32383b733a333a22706964223b693a313b7d693a2d34333b613a353a7b733a353a227469746c65223b733a31303a226d79206163636f756e74223b733a343a2270617468223b733a363a22757365722f31223b733a383a226368696c6472656e223b613a303a7b7d733a343a2274797065223b693a363b733a333a22706964223b693a313b7d693a31343b613a353a7b733a353a227469746c65223b733a31343a2261636365737320636f6e74726f6c223b733a343a2270617468223b733a31323a2261646d696e2f616363657373223b733a383a226368696c6472656e223b613a303a7b7d733a343a2274797065223b693a32323b733a333a22706964223b693a353b7d693a31363b613a353a7b733a353a227469746c65223b733a363a22626c6f636b73223b733a343a2270617468223b733a31313a2261646d696e2f626c6f636b223b733a383a226368696c6472656e223b613a303a7b7d733a343a2274797065223b693a32323b733a333a22706964223b693a353b7d693a32303b613a353a7b733a353a227469746c65223b733a31303a2263617465676f72696573223b733a343a2270617468223b733a31343a2261646d696e2f7461786f6e6f6d79223b733a383a226368696c6472656e223b613a303a7b7d733a343a2274797065223b693a32323b733a333a22706964223b693a353b7d693a31373b613a353a7b733a353a227469746c65223b733a383a22636f6d6d656e7473223b733a343a2270617468223b733a31333a2261646d696e2f636f6d6d656e74223b733a383a226368696c6472656e223b613a303a7b7d733a343a2274797065223b693a32323b733a333a22706964223b693a353b7d693a383b613a353a7b733a353a227469746c65223b733a373a22636f6e74656e74223b733a343a2270617468223b733a31303a2261646d696e2f6e6f6465223b733a383a226368696c6472656e223b613a303a7b7d733a343a2274797065223b693a32323b733a333a22706964223b693a353b7d693a373b613a353a7b733a353a227469746c65223b733a31333a22696e70757420666f726d617473223b733a343a2270617468223b733a31333a2261646d696e2f66696c74657273223b733a383a226368696c6472656e223b613a303a7b7d733a343a2274797065223b693a32323b733a333a22706964223b693a353b7d693a31353b613a353a7b733a353a227469746c65223b733a343a226c6f6773223b733a343a2270617468223b733a31303a2261646d696e2f6c6f6773223b733a383a226368696c6472656e223b613a303a7b7d733a343a2274797065223b693a32323b733a333a22706964223b693a353b7d693a31393b613a353a7b733a353a227469746c65223b733a353a226d656e7573223b733a343a2270617468223b733a31303a2261646d696e2f6d656e75223b733a383a226368696c6472656e223b613a303a7b7d733a343a2274797065223b693a32323b733a333a22706964223b693a353b7d693a31323b613a353a7b733a353a227469746c65223b733a373a226d6f64756c6573223b733a343a2270617468223b733a31333a2261646d696e2f6d6f64756c6573223b733a383a226368696c6472656e223b613a303a7b7d733a343a2274797065223b693a32323b733a333a22706964223b693a353b7d693a32323b613a353a7b733a353a227469746c65223b733a31333a22636f6e74656e74207479706573223b733a343a2270617468223b733a32383a2261646d696e2f73657474696e67732f636f6e74656e742d7479706573223b733a383a226368696c6472656e223b613a303a7b7d733a343a2274797065223b693a32323b733a333a22706964223b693a31313b7d693a32343b613a353a7b733a353a227469746c65223b733a353a226d656e7573223b733a343a2270617468223b733a31393a2261646d696e2f73657474696e67732f6d656e75223b733a383a226368696c6472656e223b613a303a7b7d733a343a2274797065223b693a32323b733a333a22706964223b693a31313b7d693a32313b613a353a7b733a353a227469746c65223b733a353a22706f737473223b733a343a2270617468223b733a31393a2261646d696e2f73657474696e67732f6e6f6465223b733a383a226368696c6472656e223b613a303a7b7d733a343a2274797065223b693a32323b733a333a22706964223b693a31313b7d693a32333b613a353a7b733a353a227469746c65223b733a353a227573657273223b733a343a2270617468223b733a31393a2261646d696e2f73657474696e67732f75736572223b733a383a226368696c6472656e223b613a303a7b7d733a343a2274797065223b693a32323b733a333a22706964223b693a31313b7d693a31313b613a353a7b733a353a227469746c65223b733a383a2273657474696e6773223b733a343a2270617468223b733a31343a2261646d696e2f73657474696e6773223b733a383a226368696c6472656e223b613a343a7b693a303b693a32323b693a313b693a32343b693a323b693a32313b693a333b693a32333b7d733a343a2274797065223b693a32323b733a333a22706964223b693a353b7d693a31303b613a353a7b733a353a227469746c65223b733a363a227468656d6573223b733a343a2270617468223b733a31323a2261646d696e2f7468656d6573223b733a383a226368696c6472656e223b613a303a7b7d733a343a2274797065223b693a32323b733a333a22706964223b693a353b7d693a31333b613a353a7b733a353a227469746c65223b733a353a227573657273223b733a343a2270617468223b733a31303a2261646d696e2f75736572223b733a383a226368696c6472656e223b613a303a7b7d733a343a2274797065223b693a32323b733a333a22706964223b693a353b7d693a31383b613a353a7b733a353a227469746c65223b733a343a2268656c70223b733a343a2270617468223b733a31303a2261646d696e2f68656c70223b733a383a226368696c6472656e223b613a303a7b7d733a343a2274797065223b693a32323b733a333a22706964223b693a353b7d693a353b613a353a7b733a353a227469746c65223b733a31303a2261646d696e6973746572223b733a343a2270617468223b733a353a2261646d696e223b733a383a226368696c6472656e223b613a31333a7b693a303b693a31343b693a313b693a31363b693a323b693a32303b693a333b693a31373b693a343b693a383b693a353b693a373b693a363b693a31353b693a373b693a31393b693a383b693a31323b693a393b693a31313b693a31303b693a31303b693a31313b693a31333b693a31323b693a31383b7d733a343a2274797065223b693a32323b733a333a22706964223b693a313b7d693a363b613a353a7b733a353a227469746c65223b733a373a226c6f67206f7574223b733a343a2270617468223b733a363a226c6f676f7574223b733a383a226368696c6472656e223b613a303a7b7d733a343a2274797065223b693a32323b733a333a22706964223b693a313b7d693a313b613a353a7b733a353a227469746c65223b733a31303a224e617669676174696f6e223b733a343a2270617468223b733a303a22223b733a383a226368696c6472656e223b613a343a7b693a303b693a393b693a313b693a2d34333b693a323b693a353b693a333b693a363b7d733a343a2274797065223b693a333b733a333a22706964223b693a303b7d693a323b613a353a7b733a353a227469746c65223b733a31333a225072696d617279206c696e6b73223b733a343a2270617468223b733a303a22223b733a383a226368696c6472656e223b613a303a7b7d733a343a2274797065223b733a333a22313135223b733a333a22706964223b693a303b7d693a303b613a343a7b733a353a227469746c65223b733a303a22223b733a343a2270617468223b733a303a22223b733a383a226368696c6472656e223b613a323a7b693a303b693a313b693a313b693a323b7d733a343a2274797065223b693a313b7d7d7d, 1203181810, 1203095410, '');
INSERT INTO `cache` (`cid`, `data`, `expire`, `created`, `headers`) VALUES
('variables', 0x613a373a7b733a31333a227468656d655f64656661756c74223b733a373a2266697265726564223b733a31333a2266696c7465725f68746d6c5f31223b693a313b733a31383a226e6f64655f6f7074696f6e735f666f72756d223b613a313a7b693a303b733a363a22737461747573223b7d733a31373a226d656e755f7072696d6172795f6d656e75223b693a323b733a31393a226d656e755f7365636f6e646172795f6d656e75223b693a323b733a31383a2264727570616c5f707269766174655f6b6579223b693a313232343430343737343b733a31393a2266696c655f6469726563746f72795f74656d70223b733a343a222f746d70223b7d, 0, 1200674634, '');

-- --------------------------------------------------------

--
-- Table structure for table `client`
--

CREATE TABLE `client` (
  `cid` int(10) unsigned NOT NULL auto_increment,
  `link` varchar(255) NOT NULL default '',
  `name` varchar(128) NOT NULL default '',
  `mail` varchar(128) NOT NULL default '',
  `slogan` longtext NOT NULL,
  `mission` longtext NOT NULL,
  `users` int(10) NOT NULL default '0',
  `nodes` int(10) NOT NULL default '0',
  `version` varchar(35) NOT NULL default '',
  `created` int(11) NOT NULL default '0',
  `changed` int(11) NOT NULL default '0',
  PRIMARY KEY  (`cid`)
) ENGINE=MyISAM DEFAULT CHARSET=utf8;

--
-- Dumping data for table `client`
--


-- --------------------------------------------------------

--
-- Table structure for table `client_system`
--

CREATE TABLE `client_system` (
  `cid` int(10) NOT NULL default '0',
  `name` varchar(255) NOT NULL default '',
  `type` varchar(255) NOT NULL default '',
  PRIMARY KEY  (`cid`,`name`)
) ENGINE=MyISAM DEFAULT CHARSET=utf8;

--
-- Dumping data for table `client_system`
--


-- --------------------------------------------------------

--
-- Table structure for table `comments`
--

CREATE TABLE `comments` (
  `cid` int(10) NOT NULL auto_increment,
  `pid` int(10) NOT NULL default '0',
  `nid` int(10) NOT NULL default '0',
  `uid` int(10) NOT NULL default '0',
  `subject` varchar(64) NOT NULL default '',
  `comment` longtext NOT NULL,
  `hostname` varchar(128) NOT NULL default '',
  `timestamp` int(11) NOT NULL default '0',
  `score` mediumint(9) NOT NULL default '0',
  `status` tinyint(3) unsigned NOT NULL default '0',
  `format` int(4) NOT NULL default '0',
  `thread` varchar(255) NOT NULL,
  `users` longtext,
  `name` varchar(60) default NULL,
  `mail` varchar(64) default NULL,
  `homepage` varchar(255) default NULL,
  PRIMARY KEY  (`cid`),
  KEY `lid` (`nid`)
) ENGINE=MyISAM DEFAULT CHARSET=utf8;

--
-- Dumping data for table `comments`
--


-- --------------------------------------------------------

--
-- Table structure for table `contact`
--

CREATE TABLE `contact` (
  `cid` int(10) unsigned NOT NULL auto_increment,
  `category` varchar(255) NOT NULL default '',
  `recipients` longtext NOT NULL,
  `reply` longtext NOT NULL,
  `weight` tinyint(3) NOT NULL default '0',
  `selected` tinyint(1) NOT NULL default '0',
  PRIMARY KEY  (`cid`),
  UNIQUE KEY `category` (`category`)
) ENGINE=MyISAM DEFAULT CHARSET=utf8;

--
-- Dumping data for table `contact`
--


-- --------------------------------------------------------

--
-- Table structure for table `files`
--

CREATE TABLE `files` (
  `fid` int(10) unsigned NOT NULL default '0',
  `nid` int(10) unsigned NOT NULL default '0',
  `filename` varchar(255) NOT NULL default '',
  `filepath` varchar(255) NOT NULL default '',
  `filemime` varchar(255) NOT NULL default '',
  `filesize` int(10) unsigned NOT NULL default '0',
  PRIMARY KEY  (`fid`)
) ENGINE=MyISAM DEFAULT CHARSET=utf8;

--
-- Dumping data for table `files`
--


-- --------------------------------------------------------

--
-- Table structure for table `file_revisions`
--

CREATE TABLE `file_revisions` (
  `fid` int(10) unsigned NOT NULL default '0',
  `vid` int(10) unsigned NOT NULL default '0',
  `description` varchar(255) NOT NULL default '',
  `list` tinyint(1) unsigned NOT NULL default '0',
  PRIMARY KEY  (`fid`,`vid`)
) ENGINE=MyISAM DEFAULT CHARSET=utf8;

--
-- Dumping data for table `file_revisions`
--


-- --------------------------------------------------------

--
-- Table structure for table `filters`
--

CREATE TABLE `filters` (
  `format` int(4) NOT NULL default '0',
  `module` varchar(64) NOT NULL default '',
  `delta` tinyint(2) NOT NULL default '0',
  `weight` tinyint(2) NOT NULL default '0',
  KEY `weight` (`weight`)
) ENGINE=MyISAM DEFAULT CHARSET=utf8;

--
-- Dumping data for table `filters`
--

INSERT INTO `filters` (`format`, `module`, `delta`, `weight`) VALUES
(1, 'filter', 0, 0),
(1, 'filter', 2, 1),
(2, 'filter', 1, 0),
(3, 'filter', 2, 0);

-- --------------------------------------------------------

--
-- Table structure for table `filter_formats`
--

CREATE TABLE `filter_formats` (
  `format` int(4) NOT NULL auto_increment,
  `name` varchar(255) NOT NULL default '',
  `roles` varchar(255) NOT NULL default '',
  `cache` tinyint(2) NOT NULL default '0',
  PRIMARY KEY  (`format`),
  UNIQUE KEY `name` (`name`)
) ENGINE=MyISAM  DEFAULT CHARSET=utf8;

--
-- Dumping data for table `filter_formats`
--

INSERT INTO `filter_formats` (`format`, `name`, `roles`, `cache`) VALUES
(1, 'Filtered HTML', ',1,2,', 1),
(2, 'PHP code', '', 0),
(3, 'Full HTML', '', 1);

-- --------------------------------------------------------

--
-- Table structure for table `flood`
--

CREATE TABLE `flood` (
  `event` varchar(64) NOT NULL default '',
  `hostname` varchar(128) NOT NULL default '',
  `timestamp` int(11) NOT NULL default '0'
) ENGINE=MyISAM DEFAULT CHARSET=utf8;

--
-- Dumping data for table `flood`
--


-- --------------------------------------------------------

--
-- Table structure for table `forum`
--

CREATE TABLE `forum` (
  `nid` int(10) unsigned NOT NULL default '0',
  `vid` int(10) unsigned NOT NULL default '0',
  `tid` int(10) unsigned NOT NULL default '0',
  PRIMARY KEY  (`vid`),
  KEY `nid` (`nid`),
  KEY `tid` (`tid`)
) ENGINE=MyISAM DEFAULT CHARSET=utf8;

--
-- Dumping data for table `forum`
--


-- --------------------------------------------------------

--
-- Table structure for table `history`
--

CREATE TABLE `history` (
  `uid` int(10) NOT NULL default '0',
  `nid` int(10) NOT NULL default '0',
  `timestamp` int(11) NOT NULL default '0',
  PRIMARY KEY  (`uid`,`nid`)
) ENGINE=MyISAM DEFAULT CHARSET=utf8;

--
-- Dumping data for table `history`
--


-- --------------------------------------------------------

--
-- Table structure for table `locales_meta`
--

CREATE TABLE `locales_meta` (
  `locale` varchar(12) NOT NULL default '',
  `name` varchar(64) NOT NULL default '',
  `enabled` int(2) NOT NULL default '0',
  `isdefault` int(2) NOT NULL default '0',
  `plurals` int(1) NOT NULL default '0',
  `formula` varchar(128) NOT NULL default '',
  PRIMARY KEY  (`locale`)
) ENGINE=MyISAM DEFAULT CHARSET=utf8;

--
-- Dumping data for table `locales_meta`
--

INSERT INTO `locales_meta` (`locale`, `name`, `enabled`, `isdefault`, `plurals`, `formula`) VALUES
('en', 'English', 1, 1, 0, '');

-- --------------------------------------------------------

--
-- Table structure for table `locales_source`
--

CREATE TABLE `locales_source` (
  `lid` int(11) NOT NULL auto_increment,
  `location` varchar(255) NOT NULL default '',
  `source` blob NOT NULL,
  PRIMARY KEY  (`lid`)
) ENGINE=MyISAM DEFAULT CHARSET=utf8;

--
-- Dumping data for table `locales_source`
--


-- --------------------------------------------------------

--
-- Table structure for table `locales_target`
--

CREATE TABLE `locales_target` (
  `lid` int(11) NOT NULL default '0',
  `translation` blob NOT NULL,
  `locale` varchar(12) NOT NULL default '',
  `plid` int(11) NOT NULL default '0',
  `plural` int(1) NOT NULL default '0',
  KEY `lid` (`lid`),
  KEY `lang` (`locale`),
  KEY `plid` (`plid`),
  KEY `plural` (`plural`)
) ENGINE=MyISAM DEFAULT CHARSET=utf8;

--
-- Dumping data for table `locales_target`
--


-- --------------------------------------------------------

--
-- Table structure for table `menu`
--

CREATE TABLE `menu` (
  `mid` int(10) unsigned NOT NULL default '0',
  `pid` int(10) unsigned NOT NULL default '0',
  `path` varchar(255) NOT NULL default '',
  `title` varchar(255) NOT NULL default '',
  `description` varchar(255) NOT NULL default '',
  `weight` tinyint(4) NOT NULL default '0',
  `type` int(2) unsigned NOT NULL default '0',
  PRIMARY KEY  (`mid`)
) ENGINE=MyISAM DEFAULT CHARSET=utf8;

--
-- Dumping data for table `menu`
--

INSERT INTO `menu` (`mid`, `pid`, `path`, `title`, `description`, `weight`, `type`) VALUES
(2, 0, '', 'Primary links', '', 0, 115),
(3, 1, 'filter/tips', 'compose tips', '', 0, 20),
(4, 1, 'node', 'content', '', 0, 16),
(5, 1, 'admin', 'administer', '', 9, 22),
(6, 1, 'logout', 'log out', '', 10, 22),
(7, 5, 'admin/filters', 'input formats', '', 0, 22),
(8, 5, 'admin/node', 'content', '', 0, 22),
(9, 4, 'node/add', 'create content', '', 1, 28),
(10, 5, 'admin/themes', 'themes', '', 0, 22),
(11, 5, 'admin/settings', 'settings', '', 0, 22),
(12, 5, 'admin/modules', 'modules', '', 0, 22),
(13, 5, 'admin/user', 'users', '', 0, 22),
(14, 5, 'admin/access', 'access control', '', 0, 22),
(15, 5, 'admin/logs', 'logs', '', 0, 22),
(16, 5, 'admin/block', 'blocks', '', 0, 22),
(17, 5, 'admin/comment', 'comments', '', 0, 22),
(18, 5, 'admin/help', 'help', '', 9, 22),
(19, 5, 'admin/menu', 'menus', '', 0, 22),
(20, 5, 'admin/taxonomy', 'categories', '', 0, 22),
(21, 11, 'admin/settings/node', 'posts', '', 0, 22),
(22, 11, 'admin/settings/content-types', 'content types', '', 0, 22),
(23, 11, 'admin/settings/user', 'users', '', 0, 22),
(24, 11, 'admin/settings/menu', 'menus', '', 0, 22),
(25, 9, 'node/add/page', 'page', '', 0, 22),
(26, 9, 'node/add/story', 'story', '', 0, 22);

-- --------------------------------------------------------

--
-- Table structure for table `node`
--

CREATE TABLE `node` (
  `nid` int(10) unsigned NOT NULL auto_increment,
  `vid` int(10) unsigned NOT NULL default '0',
  `type` varchar(32) NOT NULL default '',
  `title` varchar(128) NOT NULL default '',
  `uid` int(10) NOT NULL default '0',
  `status` int(4) NOT NULL default '1',
  `created` int(11) NOT NULL default '0',
  `changed` int(11) NOT NULL default '0',
  `comment` int(2) NOT NULL default '0',
  `promote` int(2) NOT NULL default '0',
  `moderate` int(2) NOT NULL default '0',
  `sticky` int(2) NOT NULL default '0',
  PRIMARY KEY  (`nid`,`vid`),
  UNIQUE KEY `vid` (`vid`),
  KEY `node_type` (`type`(4)),
  KEY `node_title_type` (`title`,`type`(4)),
  KEY `status` (`status`),
  KEY `uid` (`uid`),
  KEY `node_moderate` (`moderate`),
  KEY `node_promote_status` (`promote`,`status`),
  KEY `node_created` (`created`),
  KEY `node_changed` (`changed`),
  KEY `node_status_type` (`status`,`type`,`nid`),
  KEY `nid` (`nid`)
) ENGINE=MyISAM DEFAULT CHARSET=utf8;

--
-- Dumping data for table `node`
--


-- --------------------------------------------------------

--
-- Table structure for table `node_access`
--

CREATE TABLE `node_access` (
  `nid` int(10) unsigned NOT NULL default '0',
  `gid` int(10) unsigned NOT NULL default '0',
  `realm` varchar(255) NOT NULL default '',
  `grant_view` tinyint(1) unsigned NOT NULL default '0',
  `grant_update` tinyint(1) unsigned NOT NULL default '0',
  `grant_delete` tinyint(1) unsigned NOT NULL default '0',
  PRIMARY KEY  (`nid`,`gid`,`realm`)
) ENGINE=MyISAM DEFAULT CHARSET=utf8;

--
-- Dumping data for table `node_access`
--

INSERT INTO `node_access` (`nid`, `gid`, `realm`, `grant_view`, `grant_update`, `grant_delete`) VALUES
(0, 0, 'all', 1, 0, 0);

-- --------------------------------------------------------

--
-- Table structure for table `node_comment_statistics`
--

CREATE TABLE `node_comment_statistics` (
  `nid` int(10) unsigned NOT NULL auto_increment,
  `last_comment_timestamp` int(11) NOT NULL default '0',
  `last_comment_name` varchar(60) default NULL,
  `last_comment_uid` int(10) NOT NULL default '0',
  `comment_count` int(10) unsigned NOT NULL default '0',
  PRIMARY KEY  (`nid`),
  KEY `node_comment_timestamp` (`last_comment_timestamp`)
) ENGINE=MyISAM DEFAULT CHARSET=utf8;

--
-- Dumping data for table `node_comment_statistics`
--


-- --------------------------------------------------------

--
-- Table structure for table `node_counter`
--

CREATE TABLE `node_counter` (
  `nid` int(10) NOT NULL default '0',
  `totalcount` bigint(20) unsigned NOT NULL default '0',
  `daycount` mediumint(8) unsigned NOT NULL default '0',
  `timestamp` int(11) unsigned NOT NULL default '0',
  PRIMARY KEY  (`nid`),
  KEY `totalcount` (`totalcount`),
  KEY `daycount` (`daycount`),
  KEY `timestamp` (`timestamp`)
) ENGINE=MyISAM DEFAULT CHARSET=utf8;

--
-- Dumping data for table `node_counter`
--


-- --------------------------------------------------------

--
-- Table structure for table `node_revisions`
--

CREATE TABLE `node_revisions` (
  `nid` int(10) unsigned NOT NULL,
  `vid` int(10) unsigned NOT NULL,
  `uid` int(10) NOT NULL default '0',
  `title` varchar(128) NOT NULL default '',
  `body` longtext NOT NULL,
  `teaser` longtext NOT NULL,
  `log` longtext NOT NULL,
  `timestamp` int(11) NOT NULL default '0',
  `format` int(4) NOT NULL default '0',
  PRIMARY KEY  (`vid`),
  KEY `nid` (`nid`),
  KEY `uid` (`uid`)
) ENGINE=MyISAM DEFAULT CHARSET=utf8;

--
-- Dumping data for table `node_revisions`
--


-- --------------------------------------------------------

--
-- Table structure for table `permission`
--

CREATE TABLE `permission` (
  `rid` int(10) unsigned NOT NULL default '0',
  `perm` longtext,
  `tid` int(10) unsigned NOT NULL default '0',
  KEY `rid` (`rid`)
) ENGINE=MyISAM DEFAULT CHARSET=utf8;

--
-- Dumping data for table `permission`
--

INSERT INTO `permission` (`rid`, `perm`, `tid`) VALUES
(1, 'access content', 0),
(2, 'access comments, post comments, post comments without approval, access content, access administration pages, administer site configuration, select different theme', 0);

-- --------------------------------------------------------

--
-- Table structure for table `poll`
--

CREATE TABLE `poll` (
  `nid` int(10) unsigned NOT NULL default '0',
  `runtime` int(10) NOT NULL default '0',
  `active` int(2) unsigned NOT NULL default '0',
  PRIMARY KEY  (`nid`)
) ENGINE=MyISAM DEFAULT CHARSET=utf8;

--
-- Dumping data for table `poll`
--


-- --------------------------------------------------------

--
-- Table structure for table `poll_choices`
--

CREATE TABLE `poll_choices` (
  `chid` int(10) unsigned NOT NULL auto_increment,
  `nid` int(10) unsigned NOT NULL default '0',
  `chtext` varchar(128) NOT NULL default '',
  `chvotes` int(6) NOT NULL default '0',
  `chorder` int(2) NOT NULL default '0',
  PRIMARY KEY  (`chid`),
  KEY `nid` (`nid`)
) ENGINE=MyISAM DEFAULT CHARSET=utf8;

--
-- Dumping data for table `poll_choices`
--


-- --------------------------------------------------------

--
-- Table structure for table `poll_votes`
--

CREATE TABLE `poll_votes` (
  `nid` int(10) unsigned NOT NULL,
  `uid` int(10) unsigned NOT NULL default '0',
  `hostname` varchar(128) NOT NULL default '',
  KEY `nid` (`nid`),
  KEY `uid` (`uid`),
  KEY `hostname` (`hostname`)
) ENGINE=MyISAM DEFAULT CHARSET=utf8;

--
-- Dumping data for table `poll_votes`
--


-- --------------------------------------------------------

--
-- Table structure for table `profile_fields`
--

CREATE TABLE `profile_fields` (
  `fid` int(10) NOT NULL auto_increment,
  `title` varchar(255) default NULL,
  `name` varchar(128) default NULL,
  `explanation` text,
  `category` varchar(255) default NULL,
  `page` varchar(255) default NULL,
  `type` varchar(128) default NULL,
  `weight` tinyint(1) NOT NULL default '0',
  `required` tinyint(1) NOT NULL default '0',
  `register` tinyint(1) NOT NULL default '0',
  `visibility` tinyint(1) NOT NULL default '0',
  `autocomplete` tinyint(1) NOT NULL default '0',
  `options` text,
  PRIMARY KEY  (`fid`),
  UNIQUE KEY `name` (`name`),
  KEY `category` (`category`)
) ENGINE=MyISAM DEFAULT CHARSET=utf8;

--
-- Dumping data for table `profile_fields`
--


-- --------------------------------------------------------

--
-- Table structure for table `profile_values`
--

CREATE TABLE `profile_values` (
  `fid` int(10) unsigned default '0',
  `uid` int(10) unsigned default '0',
  `value` text,
  KEY `uid` (`uid`),
  KEY `fid` (`fid`)
) ENGINE=MyISAM DEFAULT CHARSET=utf8;

--
-- Dumping data for table `profile_values`
--


-- --------------------------------------------------------

--
-- Table structure for table `role`
--

CREATE TABLE `role` (
  `rid` int(10) unsigned NOT NULL auto_increment,
  `name` varchar(32) NOT NULL default '',
  PRIMARY KEY  (`rid`),
  UNIQUE KEY `name` (`name`)
) ENGINE=MyISAM  DEFAULT CHARSET=utf8;

--
-- Dumping data for table `role`
--

INSERT INTO `role` (`rid`, `name`) VALUES
(1, 'anonymous user'),
(2, 'authenticated user');

-- --------------------------------------------------------

--
-- Table structure for table `search_dataset`
--

CREATE TABLE `search_dataset` (
  `sid` int(10) unsigned NOT NULL default '0',
  `type` varchar(16) default NULL,
  `data` longtext NOT NULL,
  KEY `sid_type` (`sid`,`type`)
) ENGINE=MyISAM DEFAULT CHARSET=utf8;

--
-- Dumping data for table `search_dataset`
--


-- --------------------------------------------------------

--
-- Table structure for table `search_index`
--

CREATE TABLE `search_index` (
  `word` varchar(50) NOT NULL default '',
  `sid` int(10) unsigned NOT NULL default '0',
  `type` varchar(16) default NULL,
  `fromsid` int(10) unsigned NOT NULL default '0',
  `fromtype` varchar(16) default NULL,
  `score` float default NULL,
  KEY `sid_type` (`sid`,`type`),
  KEY `from_sid_type` (`fromsid`,`fromtype`),
  KEY `word` (`word`)
) ENGINE=MyISAM DEFAULT CHARSET=utf8;

--
-- Dumping data for table `search_index`
--


-- --------------------------------------------------------

--
-- Table structure for table `search_total`
--

CREATE TABLE `search_total` (
  `word` varchar(50) NOT NULL default '',
  `count` float default NULL,
  PRIMARY KEY  (`word`)
) ENGINE=MyISAM DEFAULT CHARSET=utf8;

--
-- Dumping data for table `search_total`
--


-- --------------------------------------------------------

--
-- Table structure for table `sequences`
--

CREATE TABLE `sequences` (
  `name` varchar(255) NOT NULL default '',
  `id` int(10) unsigned NOT NULL default '0',
  PRIMARY KEY  (`name`)
) ENGINE=MyISAM DEFAULT CHARSET=utf8;

--
-- Dumping data for table `sequences`
--

INSERT INTO `sequences` (`name`, `id`) VALUES
('menu_mid', 26),
('users_uid', 2);

-- --------------------------------------------------------

--
-- Table structure for table `sessions`
--

CREATE TABLE `sessions` (
  `uid` int(10) unsigned NOT NULL,
  `sid` varchar(32) NOT NULL default '',
  `hostname` varchar(128) NOT NULL default '',
  `timestamp` int(11) NOT NULL default '0',
  `cache` int(11) NOT NULL default '0',
  `session` longtext,
  PRIMARY KEY  (`sid`),
  KEY `uid` (`uid`),
  KEY `timestamp` (`timestamp`)
) ENGINE=MyISAM DEFAULT CHARSET=utf8;

--
-- Dumping data for table `sessions`
--

INSERT INTO `sessions` (`uid`, `sid`, `hostname`, `timestamp`, `cache`, `session`) VALUES
(1, '2c3586d4b1b7a3acad8c19c9f3e36b76', '127.0.0.1', 1200989617, 0, 'watchdog_overview_filter|s:3:"all";node_overview_filter|a:0:{}'),
(1, '3c8d3928d2c24462e8b685e320c55b9a', '127.0.0.1', 1203095759, 0, 'watchdog_overview_filter|s:3:"all";');

-- --------------------------------------------------------

--
-- Table structure for table `system`
--

CREATE TABLE `system` (
  `filename` varchar(255) NOT NULL default '',
  `name` varchar(255) NOT NULL default '',
  `type` varchar(255) NOT NULL default '',
  `description` varchar(255) NOT NULL default '',
  `status` int(2) NOT NULL default '0',
  `throttle` tinyint(1) NOT NULL default '0',
  `bootstrap` int(2) NOT NULL default '0',
  `schema_version` smallint(3) NOT NULL default '-1',
  `weight` int(2) NOT NULL default '0',
  PRIMARY KEY  (`filename`),
  KEY `weight` (`weight`)
) ENGINE=MyISAM DEFAULT CHARSET=utf8;

--
-- Dumping data for table `system`
--

INSERT INTO `system` (`filename`, `name`, `type`, `description`, `status`, `throttle`, `bootstrap`, `schema_version`, `weight`) VALUES
('modules/core/block/block.module', 'block', 'module', 'Controls the boxes that are displayed around the main content.', 1, 0, 0, 0, 0),
('modules/extended/comment/comment.module', 'comment', 'module', 'Allows users to comment on and discuss published content.', 1, 0, 0, 0, 0),
('modules/core/filter/filter.module', 'filter', 'module', 'Handles the filtering of content in preparation for display.', 1, 0, 0, 0, 0),
('modules/core/help/help.module', 'help', 'module', 'Manages the display of online help.', 1, 0, 0, 0, 0),
('modules/extended/menu.module', 'menu', 'module', 'Allows administrators to customize the site navigation menu.', 1, 0, 0, 0, 0),
('modules/core/node/node.module', 'node', 'module', 'Allows content to be submitted to the site and displayed on pages.', 1, 0, 0, 0, 0),
('modules/extended/page.module', 'page', 'module', 'Enables the creation of pages that can be added to the navigation system.', 1, 0, 0, 0, 0),
('modules/extended/story.module', 'story', 'module', 'Allows users to submit stories, articles or similar content.', 1, 0, 0, 0, 0),
('modules/system.module', 'system', 'module', 'Handles general site configuration for administrators.', 0, 0, 0, 184, 0),
('modules/core/taxonomy/taxonomy.module', 'taxonomy', 'module', 'Enables the categorization of content.', 1, 0, 0, 0, 0),
('modules/core/user/user.module', 'user', 'module', 'Manages the user registration and login system.', 1, 0, 0, 0, 0),
('modules/core/watchdog/watchdog.module', 'watchdog', 'module', 'Logs and records system events.', 1, 0, 0, 0, 0),
('modules/extended/aggregator.module', 'aggregator', 'module', 'Aggregates syndicated content (RSS, RDF, and Atom feeds).', 0, 0, 0, 0, 1),
('modules/extended/archive.module', 'archive', 'module', 'Displays a calendar for navigating older content.', 0, 0, 0, -1, 0),
('modules/extended/blog.module', 'blog', 'module', 'Enables keeping an easily and regularly updated web page or a blog.', 0, 0, 0, -1, 0),
('modules/extended/blogapi/blogapi.module', 'blogapi', 'module', 'Allows users to post content using applications that support XML-RPC blog APIs.', 0, 0, 0, -1, 0),
('modules/extended/book/book.module', 'book', 'module', 'Allows users to collaboratively author a book.', 0, 0, 0, 0, 4),
('modules/extended/contact/contact.module', 'contact', 'module', 'Enables the use of both personal and site-wide contact forms.', 0, 0, 0, -1, 0),
('modules/extended/crossite.module', 'crossite', 'module', 'Lets you register your site with a central server and improve ranking of FireOrb projects by posting information on your installed modules and themes; also enables users to log in using a FireOrb ID.', 0, 0, 0, -1, 0),
('modules/extended/forum.module', 'forum', 'module', 'Enables threaded discussions about general topics.', 0, 0, 0, -1, 0),
('modules/extended/jupload/jupload.module', 'jupload', 'module', '', 1, 0, 0, 0, 0),
('modules/legacy.module', 'legacy', 'module', 'Provides legacy handlers for upgrades from older FireOrb installations.', 0, 0, 0, -1, 0),
('modules/core/locale/locale.module', 'locale', 'module', 'Enables the translation of the user interface to languages other than English.', 0, 0, 0, -1, 0),
('modules/extended/path.module', 'path', 'module', 'Allows users to rename URLs.', 0, 0, 0, -1, 0),
('modules/extended/ping.module', 'ping', 'module', 'Alerts other sites when your site has been updated.', 0, 0, 0, -1, 0),
('modules/extended/poll.module', 'poll', 'module', 'Allows your site to capture votes on different topics in the form of multiple choice questions.', 0, 0, 0, -1, 0),
('modules/extended/profile.module', 'profile', 'module', 'Supports configurable user profiles.', 0, 0, 0, -1, 0),
('modules/extended/search.module', 'search', 'module', 'Enables site-wide keyword searching.', 0, 0, 0, -1, 0),
('modules/extended/statistics.module', 'statistics', 'module', 'Logs access statistics for your site.', 0, 0, 1, -1, 0),
('modules/extended/throttle.module', 'throttle', 'module', 'Handles the auto-throttling mechanism, to control site congestion.', 0, 0, 1, -1, 0),
('modules/extended/tracker.module', 'tracker', 'module', 'Enables tracking of recent posts for users.', 0, 0, 0, -1, 0),
('modules/extended/upload.module', 'upload', 'module', 'Allows users to upload and attach files to content.', 0, 0, 0, -1, 0),
('themes/engines/phptemplate/phptemplate.engine', 'phptemplate', 'theme_engine', '', 1, 0, 0, -1, 0),
('themes/pushbutton/page.tpl.php', 'pushbutton', 'theme', 'themes/engines/phptemplate/phptemplate.engine', 0, 0, 0, -1, 0),
('themes/old_theme_0/page.tpl.php', 'old_theme_0', 'theme', 'themes/engines/phptemplate/phptemplate.engine', 0, 0, 0, -1, 0),
('themes/firered/page.tpl.php', 'firered', 'theme', 'themes/engines/phptemplate/phptemplate.engine', 1, 0, 0, -1, 0),
('themes/old_theme_1/chameleon.theme', 'chameleon', 'theme', 'themes/old_theme_1/chameleon.theme', 0, 0, 0, -1, 0),
('themes/old_theme_1/marvin/style.css', 'marvin', 'theme', 'themes/old_theme_1/chameleon.theme', 0, 0, 0, -1, 0),
('themes/old_theme_1/style.css', 'old_theme_1', 'theme', 'themes/old_theme_1/chameleon.theme', 0, 0, 0, -1, 0),
('modules/extended/crossite/crossite.module', 'crossite', 'module', 'Lets you register your site with a central server and improve ranking of FireOrb projects by posting information on your installed modules and themes; also enables users to log in using a FireOrb ID.', 0, 0, 0, -1, 0);

-- --------------------------------------------------------

--
-- Table structure for table `term_data`
--

CREATE TABLE `term_data` (
  `tid` int(10) unsigned NOT NULL auto_increment,
  `vid` int(10) unsigned NOT NULL default '0',
  `name` varchar(255) NOT NULL default '',
  `description` longtext,
  `weight` tinyint(4) NOT NULL default '0',
  PRIMARY KEY  (`tid`),
  KEY `vid` (`vid`)
) ENGINE=MyISAM DEFAULT CHARSET=utf8;

--
-- Dumping data for table `term_data`
--


-- --------------------------------------------------------

--
-- Table structure for table `term_hierarchy`
--

CREATE TABLE `term_hierarchy` (
  `tid` int(10) unsigned NOT NULL default '0',
  `parent` int(10) unsigned NOT NULL default '0',
  PRIMARY KEY  (`tid`,`parent`),
  KEY `tid` (`tid`),
  KEY `parent` (`parent`)
) ENGINE=MyISAM DEFAULT CHARSET=utf8;

--
-- Dumping data for table `term_hierarchy`
--


-- --------------------------------------------------------

--
-- Table structure for table `term_node`
--

CREATE TABLE `term_node` (
  `nid` int(10) unsigned NOT NULL default '0',
  `tid` int(10) unsigned NOT NULL default '0',
  PRIMARY KEY  (`tid`,`nid`),
  KEY `nid` (`nid`),
  KEY `tid` (`tid`)
) ENGINE=MyISAM DEFAULT CHARSET=utf8;

--
-- Dumping data for table `term_node`
--


-- --------------------------------------------------------

--
-- Table structure for table `term_relation`
--

CREATE TABLE `term_relation` (
  `tid1` int(10) unsigned NOT NULL default '0',
  `tid2` int(10) unsigned NOT NULL default '0',
  KEY `tid1` (`tid1`),
  KEY `tid2` (`tid2`)
) ENGINE=MyISAM DEFAULT CHARSET=utf8;

--
-- Dumping data for table `term_relation`
--


-- --------------------------------------------------------

--
-- Table structure for table `term_synonym`
--

CREATE TABLE `term_synonym` (
  `tid` int(10) unsigned NOT NULL default '0',
  `name` varchar(255) NOT NULL default '',
  KEY `tid` (`tid`),
  KEY `name` (`name`(3))
) ENGINE=MyISAM DEFAULT CHARSET=utf8;

--
-- Dumping data for table `term_synonym`
--


-- --------------------------------------------------------

--
-- Table structure for table `url_alias`
--

CREATE TABLE `url_alias` (
  `pid` int(10) unsigned NOT NULL auto_increment,
  `src` varchar(128) NOT NULL default '',
  `dst` varchar(128) NOT NULL default '',
  PRIMARY KEY  (`pid`),
  UNIQUE KEY `dst` (`dst`),
  KEY `src` (`src`)
) ENGINE=MyISAM DEFAULT CHARSET=utf8;

--
-- Dumping data for table `url_alias`
--


-- --------------------------------------------------------

--
-- Table structure for table `users`
--

CREATE TABLE `users` (
  `uid` int(10) unsigned NOT NULL default '0',
  `name` varchar(60) NOT NULL default '',
  `pass` varchar(32) NOT NULL default '',
  `mail` varchar(64) default '',
  `mode` tinyint(1) NOT NULL default '0',
  `sort` tinyint(1) default '0',
  `threshold` tinyint(1) default '0',
  `theme` varchar(255) NOT NULL default '',
  `signature` varchar(255) NOT NULL default '',
  `created` int(11) NOT NULL default '0',
  `access` int(11) NOT NULL default '0',
  `login` int(11) NOT NULL default '0',
  `status` tinyint(4) NOT NULL default '0',
  `timezone` varchar(8) default NULL,
  `language` varchar(12) NOT NULL default '',
  `picture` varchar(255) NOT NULL default '',
  `init` varchar(64) default '',
  `data` longtext,
  PRIMARY KEY  (`uid`),
  UNIQUE KEY `name` (`name`),
  KEY `access` (`access`)
) ENGINE=MyISAM DEFAULT CHARSET=utf8;

--
-- Dumping data for table `users`
--

INSERT INTO `users` (`uid`, `name`, `pass`, `mail`, `mode`, `sort`, `threshold`, `theme`, `signature`, `created`, `access`, `login`, `status`, `timezone`, `language`, `picture`, `init`, `data`) VALUES
(0, '', '', '', 0, 0, 0, '', '', 0, 0, 0, 0, NULL, '', '', '', NULL),
(1, 'admin', '21232f297a57a5a743894a0e4a801fc3', 'admin@admin.com', 0, 0, 0, '', '', 1199297079, 1203095759, 1201886330, 1, '0', '', '', 'admin@admin.com', 'a:0:{}'),
(2, 'demo', 'fe01ce2a7fbac8fafaed7c982a04e229', 'demo@demo.com', 0, 0, 0, '', '', 1199299993, 1199549785, 1199300158, 1, NULL, '', '', 'demo@demo.com', 'a:0:{}');

-- --------------------------------------------------------

--
-- Table structure for table `users_roles`
--

CREATE TABLE `users_roles` (
  `uid` int(10) unsigned NOT NULL default '0',
  `rid` int(10) unsigned NOT NULL default '0',
  PRIMARY KEY  (`uid`,`rid`)
) ENGINE=MyISAM DEFAULT CHARSET=utf8;

--
-- Dumping data for table `users_roles`
--


-- --------------------------------------------------------

--
-- Table structure for table `variable`
--

CREATE TABLE `variable` (
  `name` varchar(48) NOT NULL default '',
  `value` longtext NOT NULL,
  PRIMARY KEY  (`name`)
) ENGINE=MyISAM DEFAULT CHARSET=utf8;

--
-- Dumping data for table `variable`
--

INSERT INTO `variable` (`name`, `value`) VALUES
('theme_default', 's:7:"firered";'),
('filter_html_1', 'i:1;'),
('node_options_forum', 'a:1:{i:0;s:6:"status";}'),
('menu_primary_menu', 'i:2;'),
('menu_secondary_menu', 'i:2;'),
('fo_1_private_key', 'i:1224404774;'),
('file_directory_temp', 's:4:"/tmp";');

-- --------------------------------------------------------

--
-- Table structure for table `vocabulary`
--

CREATE TABLE `vocabulary` (
  `vid` int(10) unsigned NOT NULL auto_increment,
  `name` varchar(255) NOT NULL default '',
  `description` longtext,
  `help` varchar(255) NOT NULL default '',
  `relations` tinyint(3) unsigned NOT NULL default '0',
  `hierarchy` tinyint(3) unsigned NOT NULL default '0',
  `multiple` tinyint(3) unsigned NOT NULL default '0',
  `required` tinyint(3) unsigned NOT NULL default '0',
  `tags` tinyint(3) unsigned NOT NULL default '0',
  `module` varchar(255) NOT NULL default '',
  `weight` tinyint(4) NOT NULL default '0',
  PRIMARY KEY  (`vid`)
) ENGINE=MyISAM DEFAULT CHARSET=utf8;

--
-- Dumping data for table `vocabulary`
--


-- --------------------------------------------------------

--
-- Table structure for table `vocabulary_node_types`
--

CREATE TABLE `vocabulary_node_types` (
  `vid` int(10) unsigned NOT NULL default '0',
  `type` varchar(32) NOT NULL default '',
  PRIMARY KEY  (`vid`,`type`)
) ENGINE=MyISAM DEFAULT CHARSET=utf8;

--
-- Dumping data for table `vocabulary_node_types`
--


-- --------------------------------------------------------

--
-- Table structure for table `watchdog`
--

CREATE TABLE `watchdog` (
  `wid` int(5) NOT NULL auto_increment,
  `uid` int(10) NOT NULL default '0',
  `type` varchar(16) NOT NULL default '',
  `message` longtext NOT NULL,
  `severity` tinyint(3) unsigned NOT NULL default '0',
  `link` varchar(255) NOT NULL default '',
  `location` varchar(128) NOT NULL default '',
  `referer` varchar(128) NOT NULL default '',
  `hostname` varchar(128) NOT NULL default '',
  `timestamp` int(11) NOT NULL default '0',
  PRIMARY KEY  (`wid`)
) ENGINE=MyISAM  DEFAULT CHARSET=utf8;

--
-- Dumping data for table `watchdog`
--

INSERT INTO `watchdog` (`wid`, `uid`, `type`, `message`, `severity`, `link`, `location`, `referer`, `hostname`, `timestamp`) VALUES
(1, 0, 'user', 'New user: <em>admin</em> <em>&lt;admin@admin.com&gt;</em>.', 0, '<a href="/xampp/experiment/?q=user/1/edit">edit</a>', 'http://localhost/xampp/experiment/?q=user/register', 'http://localhost/xampp/experiment/?q=user/register', '127.0.0.1', 1199297079),
(2, 1, 'page not found', '<em>admin/modules</em> not found.', 1, '', 'http://localhost/xampp/experiment/?q=admin/modules', 'http://localhost/xampp/experiment/?q=admin/modules', '127.0.0.1', 1199297890),
(3, 1, 'page not found', '<em>admin/modules</em> not found.', 1, '', 'http://localhost/xampp/experiment/?q=admin/modules', 'http://localhost/xampp/experiment/?q=admin/modules', '127.0.0.1', 1199298323),
(4, 1, 'user', 'New user: <em>demo</em> <em>&lt;demo@demo.com&gt;</em>.', 0, '<a href="/xampp/experiment/?q=user/2/edit">edit</a>', 'http://localhost/xampp/experiment/?q=admin/user/create', 'http://localhost/xampp/experiment/?q=admin/user/create', '127.0.0.1', 1199299993),
(5, 1, 'user', 'Session closed for <em>admin</em>.', 0, '', 'http://localhost/xampp/experiment/?q=logout', 'http://localhost/xampp/experiment/?q=admin/user', '127.0.0.1', 1199300000),
(6, 2, 'user', 'Session opened for <em>demo</em>.', 0, '', 'http://localhost/xampp/experiment/?q=node&destination=node', 'http://localhost/xampp/experiment/', '127.0.0.1', 1199300014),
(7, 2, 'user', 'Session closed for <em>demo</em>.', 0, '', 'http://localhost/xampp/experiment/?q=logout', 'http://localhost/xampp/experiment/?q=admin', '127.0.0.1', 1199300081),
(8, 1, 'user', 'Session opened for <em>admin</em>.', 0, '', 'http://localhost/xampp/experiment/?q=node&destination=node', 'http://localhost/xampp/experiment/', '127.0.0.1', 1199300094),
(9, 1, 'user', 'Session closed for <em>admin</em>.', 0, '', 'http://localhost/xampp/experiment/?q=logout', 'http://localhost/xampp/experiment/?q=admin/access', '127.0.0.1', 1199300142),
(10, 2, 'user', 'Session opened for <em>demo</em>.', 0, '', 'http://localhost/xampp/experiment/?q=node&destination=node', 'http://localhost/xampp/experiment/', '127.0.0.1', 1199300158),
(11, 2, 'php', 'You have an error in your SQL syntax; check the manual that corresponds to your MySQL server version for the right syntax to use near &#039;&#039;0 WHERE filename = &#039;&#039;&#039; at line 1\nquery: UPDATE system SET description = &#039;Controls the boxes that are displayed around the main content.&#039;, name = &#039;block&#039;, bootstrap = 0, filename = &#039;modules/core/block.module&#039;, weight = &#039;0 WHERE filename = &#039;&#039; in /Applications/xampp/xamppfiles/htdocs/xampp/experiment/includes/database.mysql.inc on line 121.', 2, '', 'http://localhost/xampp/experiment/?q=admin/modules', 'http://localhost/xampp/experiment/?q=admin/modules', '127.0.0.1', 1199480914),
(12, 2, 'php', 'You have an error in your SQL syntax; check the manual that corresponds to your MySQL server version for the right syntax to use near &#039;&#039;0 WHERE filename = &#039;&#039;&#039; at line 1\nquery: UPDATE system SET description = &#039;Handles the filtering of content in preparation for display.&#039;, name = &#039;filter&#039;, bootstrap = 0, filename = &#039;modules/core/filter.module&#039;, weight = &#039;0 WHERE filename = &#039;&#039; in /Applications/xampp/xamppfiles/htdocs/xampp/experiment/includes/database.mysql.inc on line 121.', 2, '', 'http://localhost/xampp/experiment/?q=admin/modules', 'http://localhost/xampp/experiment/?q=admin/modules', '127.0.0.1', 1199480914),
(13, 2, 'php', 'You have an error in your SQL syntax; check the manual that corresponds to your MySQL server version for the right syntax to use near &#039;&#039;0 WHERE filename = &#039;&#039;&#039; at line 1\nquery: UPDATE system SET description = &#039;Manages the display of online help.&#039;, name = &#039;help&#039;, bootstrap = 0, filename = &#039;modules/core/help.module&#039;, weight = &#039;0 WHERE filename = &#039;&#039; in /Applications/xampp/xamppfiles/htdocs/xampp/experiment/includes/database.mysql.inc on line 121.', 2, '', 'http://localhost/xampp/experiment/?q=admin/modules', 'http://localhost/xampp/experiment/?q=admin/modules', '127.0.0.1', 1199480914),
(14, 2, 'php', 'You have an error in your SQL syntax; check the manual that corresponds to your MySQL server version for the right syntax to use near &#039;&#039;0 WHERE filename = &#039;&#039;&#039; at line 1\nquery: UPDATE system SET description = &#039;Enables the translation of the user interface to languages other than English.&#039;, name = &#039;locale&#039;, bootstrap = 0, filename = &#039;modules/core/locale.module&#039;, weight = &#039;0 WHERE filename = &#039;&#039; in /Applications/xampp/xamppfiles/htdocs/xampp/experiment/includes/database.mysql.inc on line 121.', 2, '', 'http://localhost/xampp/experiment/?q=admin/modules', 'http://localhost/xampp/experiment/?q=admin/modules', '127.0.0.1', 1199480914),
(15, 2, 'php', 'You have an error in your SQL syntax; check the manual that corresponds to your MySQL server version for the right syntax to use near &#039;&#039;0 WHERE filename = &#039;&#039;&#039; at line 1\nquery: UPDATE system SET description = &#039;Allows content to be submitted to the site and displayed on pages.&#039;, name = &#039;node&#039;, bootstrap = 0, filename = &#039;modules/core/node.module&#039;, weight = &#039;0 WHERE filename = &#039;&#039; in /Applications/xampp/xamppfiles/htdocs/xampp/experiment/includes/database.mysql.inc on line 121.', 2, '', 'http://localhost/xampp/experiment/?q=admin/modules', 'http://localhost/xampp/experiment/?q=admin/modules', '127.0.0.1', 1199480914),
(16, 2, 'php', 'You have an error in your SQL syntax; check the manual that corresponds to your MySQL server version for the right syntax to use near &#039;&#039;0 WHERE filename = &#039;&#039;&#039; at line 1\nquery: UPDATE system SET description = &#039;Enables the categorization of content.&#039;, name = &#039;taxonomy&#039;, bootstrap = 0, filename = &#039;modules/core/taxonomy.module&#039;, weight = &#039;0 WHERE filename = &#039;&#039; in /Applications/xampp/xamppfiles/htdocs/xampp/experiment/includes/database.mysql.inc on line 121.', 2, '', 'http://localhost/xampp/experiment/?q=admin/modules', 'http://localhost/xampp/experiment/?q=admin/modules', '127.0.0.1', 1199480914),
(17, 2, 'php', 'You have an error in your SQL syntax; check the manual that corresponds to your MySQL server version for the right syntax to use near &#039;&#039;0 WHERE filename = &#039;&#039;&#039; at line 1\nquery: UPDATE system SET description = &#039;Manages the user registration and login system.&#039;, name = &#039;user&#039;, bootstrap = 0, filename = &#039;modules/core/user.module&#039;, weight = &#039;0 WHERE filename = &#039;&#039; in /Applications/xampp/xamppfiles/htdocs/xampp/experiment/includes/database.mysql.inc on line 121.', 2, '', 'http://localhost/xampp/experiment/?q=admin/modules', 'http://localhost/xampp/experiment/?q=admin/modules', '127.0.0.1', 1199480914),
(18, 2, 'php', 'You have an error in your SQL syntax; check the manual that corresponds to your MySQL server version for the right syntax to use near &#039;&#039;0 WHERE filename = &#039;&#039;&#039; at line 1\nquery: UPDATE system SET description = &#039;Logs and records system events.&#039;, name = &#039;watchdog&#039;, bootstrap = 0, filename = &#039;modules/core/watchdog.module&#039;, weight = &#039;0 WHERE filename = &#039;&#039; in /Applications/xampp/xamppfiles/htdocs/xampp/experiment/includes/database.mysql.inc on line 121.', 2, '', 'http://localhost/xampp/experiment/?q=admin/modules', 'http://localhost/xampp/experiment/?q=admin/modules', '127.0.0.1', 1199480914),
(19, 2, 'php', 'You have an error in your SQL syntax; check the manual that corresponds to your MySQL server version for the right syntax to use near &#039;&#039;0 WHERE filename = &#039;&#039;&#039; at line 1\nquery: UPDATE system SET description = &#039;Aggregates syndicated content (RSS, RDF, and Atom feeds).&#039;, name = &#039;aggregator&#039;, bootstrap = 0, filename = &#039;modules/extended/aggregator.module&#039;, weight = &#039;0 WHERE filename = &#039;&#039; in /Applications/xampp/xamppfiles/htdocs/xampp/experiment/includes/database.mysql.inc on line 121.', 2, '', 'http://localhost/xampp/experiment/?q=admin/modules', 'http://localhost/xampp/experiment/?q=admin/modules', '127.0.0.1', 1199480914),
(20, 2, 'php', 'You have an error in your SQL syntax; check the manual that corresponds to your MySQL server version for the right syntax to use near &#039;&#039;0 WHERE filename = &#039;&#039;&#039; at line 1\nquery: UPDATE system SET description = &#039;Displays a calendar for navigating older content.&#039;, name = &#039;archive&#039;, bootstrap = 0, filename = &#039;modules/extended/archive.module&#039;, weight = &#039;0 WHERE filename = &#039;&#039; in /Applications/xampp/xamppfiles/htdocs/xampp/experiment/includes/database.mysql.inc on line 121.', 2, '', 'http://localhost/xampp/experiment/?q=admin/modules', 'http://localhost/xampp/experiment/?q=admin/modules', '127.0.0.1', 1199480914),
(21, 2, 'php', 'You have an error in your SQL syntax; check the manual that corresponds to your MySQL server version for the right syntax to use near &#039;&#039;0 WHERE filename = &#039;&#039;&#039; at line 1\nquery: UPDATE system SET description = &#039;Enables keeping an easily and regularly updated web page or a blog.&#039;, name = &#039;blog&#039;, bootstrap = 0, filename = &#039;modules/extended/blog.module&#039;, weight = &#039;0 WHERE filename = &#039;&#039; in /Applications/xampp/xamppfiles/htdocs/xampp/experiment/includes/database.mysql.inc on line 121.', 2, '', 'http://localhost/xampp/experiment/?q=admin/modules', 'http://localhost/xampp/experiment/?q=admin/modules', '127.0.0.1', 1199480914),
(22, 2, 'php', 'You have an error in your SQL syntax; check the manual that corresponds to your MySQL server version for the right syntax to use near &#039;&#039;0 WHERE filename = &#039;&#039;&#039; at line 1\nquery: UPDATE system SET description = &#039;Allows users to post content using applications that support XML-RPC blog APIs.&#039;, name = &#039;blogapi&#039;, bootstrap = 0, filename = &#039;modules/extended/blogapi.module&#039;, weight = &#039;0 WHERE filename = &#039;&#039; in /Applications/xampp/xamppfiles/htdocs/xampp/experiment/includes/database.mysql.inc on line 121.', 2, '', 'http://localhost/xampp/experiment/?q=admin/modules', 'http://localhost/xampp/experiment/?q=admin/modules', '127.0.0.1', 1199480914),
(23, 2, 'php', 'You have an error in your SQL syntax; check the manual that corresponds to your MySQL server version for the right syntax to use near &#039;&#039;0 WHERE filename = &#039;&#039;&#039; at line 1\nquery: UPDATE system SET description = &#039;Allows users to collaboratively author a book.&#039;, name = &#039;book&#039;, bootstrap = 0, filename = &#039;modules/extended/book.module&#039;, weight = &#039;0 WHERE filename = &#039;&#039; in /Applications/xampp/xamppfiles/htdocs/xampp/experiment/includes/database.mysql.inc on line 121.', 2, '', 'http://localhost/xampp/experiment/?q=admin/modules', 'http://localhost/xampp/experiment/?q=admin/modules', '127.0.0.1', 1199480914),
(24, 2, 'php', 'You have an error in your SQL syntax; check the manual that corresponds to your MySQL server version for the right syntax to use near &#039;&#039;0 WHERE filename = &#039;&#039;&#039; at line 1\nquery: UPDATE system SET description = &#039;Allows users to comment on and discuss published content.&#039;, name = &#039;comment&#039;, bootstrap = 0, filename = &#039;modules/extended/comment.module&#039;, weight = &#039;0 WHERE filename = &#039;&#039; in /Applications/xampp/xamppfiles/htdocs/xampp/experiment/includes/database.mysql.inc on line 121.', 2, '', 'http://localhost/xampp/experiment/?q=admin/modules', 'http://localhost/xampp/experiment/?q=admin/modules', '127.0.0.1', 1199480914),
(25, 2, 'php', 'You have an error in your SQL syntax; check the manual that corresponds to your MySQL server version for the right syntax to use near &#039;&#039;0 WHERE filename = &#039;&#039;&#039; at line 1\nquery: UPDATE system SET description = &#039;Enables the use of both personal and site-wide contact forms.&#039;, name = &#039;contact&#039;, bootstrap = 0, filename = &#039;modules/extended/contact.module&#039;, weight = &#039;0 WHERE filename = &#039;&#039; in /Applications/xampp/xamppfiles/htdocs/xampp/experiment/includes/database.mysql.inc on line 121.', 2, '', 'http://localhost/xampp/experiment/?q=admin/modules', 'http://localhost/xampp/experiment/?q=admin/modules', '127.0.0.1', 1199480914),
(26, 2, 'php', 'You have an error in your SQL syntax; check the manual that corresponds to your MySQL server version for the right syntax to use near &#039;&#039;0 WHERE filename = &#039;&#039;&#039; at line 1\nquery: UPDATE system SET description = &#039;Lets you register your site with a central server and improve ranking of FireOrb projects by posting information on your installed modules and themes; also enables users to log in using a FireOrb ID.&#039;, name = &#039;fireorb&#039;, bootstrap = 0, filename = &#039;modules/extended/fireorb.module&#039;, weight = &#039;0 WHERE filename = &#039;&#039; in /Applications/xampp/xamppfiles/htdocs/xampp/experiment/includes/database.mysql.inc on line 121.', 2, '', 'http://localhost/xampp/experiment/?q=admin/modules', 'http://localhost/xampp/experiment/?q=admin/modules', '127.0.0.1', 1199480914),
(27, 2, 'php', 'You have an error in your SQL syntax; check the manual that corresponds to your MySQL server version for the right syntax to use near &#039;&#039;0 WHERE filename = &#039;&#039;&#039; at line 1\nquery: UPDATE system SET description = &#039;Enables threaded discussions about general topics.&#039;, name = &#039;forum&#039;, bootstrap = 0, filename = &#039;modules/extended/forum.module&#039;, weight = &#039;0 WHERE filename = &#039;&#039; in /Applications/xampp/xamppfiles/htdocs/xampp/experiment/includes/database.mysql.inc on line 121.', 2, '', 'http://localhost/xampp/experiment/?q=admin/modules', 'http://localhost/xampp/experiment/?q=admin/modules', '127.0.0.1', 1199480914),
(28, 2, 'php', 'You have an error in your SQL syntax; check the manual that corresponds to your MySQL server version for the right syntax to use near &#039;&#039;0 WHERE filename = &#039;&#039;&#039; at line 1\nquery: UPDATE system SET description = &#039;&#039;, name = &#039;jupload&#039;, bootstrap = 0, filename = &#039;modules/extended/jupload/jupload.module&#039;, weight = &#039;0 WHERE filename = &#039;&#039; in /Applications/xampp/xamppfiles/htdocs/xampp/experiment/includes/database.mysql.inc on line 121.', 2, '', 'http://localhost/xampp/experiment/?q=admin/modules', 'http://localhost/xampp/experiment/?q=admin/modules', '127.0.0.1', 1199480914),
(29, 2, 'php', 'You have an error in your SQL syntax; check the manual that corresponds to your MySQL server version for the right syntax to use near &#039;&#039;0 WHERE filename = &#039;&#039;&#039; at line 1\nquery: UPDATE system SET description = &#039;Allows administrators to customize the site navigation menu.&#039;, name = &#039;menu&#039;, bootstrap = 0, filename = &#039;modules/extended/menu.module&#039;, weight = &#039;0 WHERE filename = &#039;&#039; in /Applications/xampp/xamppfiles/htdocs/xampp/experiment/includes/database.mysql.inc on line 121.', 2, '', 'http://localhost/xampp/experiment/?q=admin/modules', 'http://localhost/xampp/experiment/?q=admin/modules', '127.0.0.1', 1199480914),
(30, 2, 'php', 'You have an error in your SQL syntax; check the manual that corresponds to your MySQL server version for the right syntax to use near &#039;&#039;0 WHERE filename = &#039;&#039;&#039; at line 1\nquery: UPDATE system SET description = &#039;Enables the creation of pages that can be added to the navigation system.&#039;, name = &#039;page&#039;, bootstrap = 0, filename = &#039;modules/extended/page.module&#039;, weight = &#039;0 WHERE filename = &#039;&#039; in /Applications/xampp/xamppfiles/htdocs/xampp/experiment/includes/database.mysql.inc on line 121.', 2, '', 'http://localhost/xampp/experiment/?q=admin/modules', 'http://localhost/xampp/experiment/?q=admin/modules', '127.0.0.1', 1199480914),
(31, 2, 'php', 'You have an error in your SQL syntax; check the manual that corresponds to your MySQL server version for the right syntax to use near &#039;&#039;0 WHERE filename = &#039;&#039;&#039; at line 1\nquery: UPDATE system SET description = &#039;Allows users to rename URLs.&#039;, name = &#039;path&#039;, bootstrap = 0, filename = &#039;modules/extended/path.module&#039;, weight = &#039;0 WHERE filename = &#039;&#039; in /Applications/xampp/xamppfiles/htdocs/xampp/experiment/includes/database.mysql.inc on line 121.', 2, '', 'http://localhost/xampp/experiment/?q=admin/modules', 'http://localhost/xampp/experiment/?q=admin/modules', '127.0.0.1', 1199480914),
(32, 2, 'php', 'You have an error in your SQL syntax; check the manual that corresponds to your MySQL server version for the right syntax to use near &#039;&#039;0 WHERE filename = &#039;&#039;&#039; at line 1\nquery: UPDATE system SET description = &#039;Alerts other sites when your site has been updated.&#039;, name = &#039;ping&#039;, bootstrap = 0, filename = &#039;modules/extended/ping.module&#039;, weight = &#039;0 WHERE filename = &#039;&#039; in /Applications/xampp/xamppfiles/htdocs/xampp/experiment/includes/database.mysql.inc on line 121.', 2, '', 'http://localhost/xampp/experiment/?q=admin/modules', 'http://localhost/xampp/experiment/?q=admin/modules', '127.0.0.1', 1199480914),
(33, 2, 'php', 'You have an error in your SQL syntax; check the manual that corresponds to your MySQL server version for the right syntax to use near &#039;&#039;0 WHERE filename = &#039;&#039;&#039; at line 1\nquery: UPDATE system SET description = &#039;Allows your site to capture votes on different topics in the form of multiple choice questions.&#039;, name = &#039;poll&#039;, bootstrap = 0, filename = &#039;modules/extended/poll.module&#039;, weight = &#039;0 WHERE filename = &#039;&#039; in /Applications/xampp/xamppfiles/htdocs/xampp/experiment/includes/database.mysql.inc on line 121.', 2, '', 'http://localhost/xampp/experiment/?q=admin/modules', 'http://localhost/xampp/experiment/?q=admin/modules', '127.0.0.1', 1199480914),
(34, 2, 'php', 'You have an error in your SQL syntax; check the manual that corresponds to your MySQL server version for the right syntax to use near &#039;&#039;0 WHERE filename = &#039;&#039;&#039; at line 1\nquery: UPDATE system SET description = &#039;Supports configurable user profiles.&#039;, name = &#039;profile&#039;, bootstrap = 0, filename = &#039;modules/extended/profile.module&#039;, weight = &#039;0 WHERE filename = &#039;&#039; in /Applications/xampp/xamppfiles/htdocs/xampp/experiment/includes/database.mysql.inc on line 121.', 2, '', 'http://localhost/xampp/experiment/?q=admin/modules', 'http://localhost/xampp/experiment/?q=admin/modules', '127.0.0.1', 1199480915),
(35, 2, 'php', 'You have an error in your SQL syntax; check the manual that corresponds to your MySQL server version for the right syntax to use near &#039;&#039;0 WHERE filename = &#039;&#039;&#039; at line 1\nquery: UPDATE system SET description = &#039;Enables site-wide keyword searching.&#039;, name = &#039;search&#039;, bootstrap = 0, filename = &#039;modules/extended/search.module&#039;, weight = &#039;0 WHERE filename = &#039;&#039; in /Applications/xampp/xamppfiles/htdocs/xampp/experiment/includes/database.mysql.inc on line 121.', 2, '', 'http://localhost/xampp/experiment/?q=admin/modules', 'http://localhost/xampp/experiment/?q=admin/modules', '127.0.0.1', 1199480915),
(36, 2, 'php', 'You have an error in your SQL syntax; check the manual that corresponds to your MySQL server version for the right syntax to use near &#039;&#039;0 WHERE filename = &#039;&#039;&#039; at line 1\nquery: UPDATE system SET description = &#039;Logs access statistics for your site.&#039;, name = &#039;statistics&#039;, bootstrap = 1, filename = &#039;modules/extended/statistics.module&#039;, weight = &#039;0 WHERE filename = &#039;&#039; in /Applications/xampp/xamppfiles/htdocs/xampp/experiment/includes/database.mysql.inc on line 121.', 2, '', 'http://localhost/xampp/experiment/?q=admin/modules', 'http://localhost/xampp/experiment/?q=admin/modules', '127.0.0.1', 1199480915),
(37, 2, 'php', 'You have an error in your SQL syntax; check the manual that corresponds to your MySQL server version for the right syntax to use near &#039;&#039;0 WHERE filename = &#039;&#039;&#039; at line 1\nquery: UPDATE system SET description = &#039;Allows users to submit stories, articles or similar content.&#039;, name = &#039;story&#039;, bootstrap = 0, filename = &#039;modules/extended/story.module&#039;, weight = &#039;0 WHERE filename = &#039;&#039; in /Applications/xampp/xamppfiles/htdocs/xampp/experiment/includes/database.mysql.inc on line 121.', 2, '', 'http://localhost/xampp/experiment/?q=admin/modules', 'http://localhost/xampp/experiment/?q=admin/modules', '127.0.0.1', 1199480915),
(38, 2, 'php', 'You have an error in your SQL syntax; check the manual that corresponds to your MySQL server version for the right syntax to use near &#039;&#039;0 WHERE filename = &#039;&#039;&#039; at line 1\nquery: UPDATE system SET description = &#039;Handles the auto-throttling mechanism, to control site congestion.&#039;, name = &#039;throttle&#039;, bootstrap = 1, filename = &#039;modules/extended/throttle.module&#039;, weight = &#039;0 WHERE filename = &#039;&#039; in /Applications/xampp/xamppfiles/htdocs/xampp/experiment/includes/database.mysql.inc on line 121.', 2, '', 'http://localhost/xampp/experiment/?q=admin/modules', 'http://localhost/xampp/experiment/?q=admin/modules', '127.0.0.1', 1199480915),
(39, 2, 'php', 'You have an error in your SQL syntax; check the manual that corresponds to your MySQL server version for the right syntax to use near &#039;&#039;0 WHERE filename = &#039;&#039;&#039; at line 1\nquery: UPDATE system SET description = &#039;Enables tracking of recent posts for users.&#039;, name = &#039;tracker&#039;, bootstrap = 0, filename = &#039;modules/extended/tracker.module&#039;, weight = &#039;0 WHERE filename = &#039;&#039; in /Applications/xampp/xamppfiles/htdocs/xampp/experiment/includes/database.mysql.inc on line 121.', 2, '', 'http://localhost/xampp/experiment/?q=admin/modules', 'http://localhost/xampp/experiment/?q=admin/modules', '127.0.0.1', 1199480915),
(40, 2, 'php', 'You have an error in your SQL syntax; check the manual that corresponds to your MySQL server version for the right syntax to use near &#039;&#039;0 WHERE filename = &#039;&#039;&#039; at line 1\nquery: UPDATE system SET description = &#039;Allows users to upload and attach files to content.&#039;, name = &#039;upload&#039;, bootstrap = 0, filename = &#039;modules/extended/upload.module&#039;, weight = &#039;0 WHERE filename = &#039;&#039; in /Applications/xampp/xamppfiles/htdocs/xampp/experiment/includes/database.mysql.inc on line 121.', 2, '', 'http://localhost/xampp/experiment/?q=admin/modules', 'http://localhost/xampp/experiment/?q=admin/modules', '127.0.0.1', 1199480915),
(41, 2, 'php', 'Invalid argument supplied for foreach() in /Applications/xampp/xamppfiles/htdocs/xampp/experiment/includes/system.inc on line 1019.', 2, '', 'http://localhost/xampp/experiment/?q=admin/modules', 'http://localhost/xampp/experiment/?q=admin/modules', '127.0.0.1', 1199482710),
(42, 2, 'php', 'Invalid argument supplied for foreach() in /Applications/xampp/xamppfiles/htdocs/xampp/experiment/includes/system.inc on line 1019.', 2, '', 'http://localhost/xampp/experiment/?q=admin/modules', 'http://localhost/xampp/experiment/?q=admin/modules', '127.0.0.1', 1199483224),
(43, 2, 'php', 'Invalid argument supplied for foreach() in /Applications/xampp/xamppfiles/htdocs/xampp/experiment/includes/system.inc on line 1019.', 2, '', 'http://localhost/xampp/experiment/?q=admin/modules', 'http://localhost/xampp/experiment/?q=admin/modules', '127.0.0.1', 1199483311),
(44, 2, 'access denied', '<em>admin/menu</em> denied access.', 1, '<a href="/xampp/experiment/?q=admin/menu" class="active">view</a>', 'http://localhost/xampp/experiment/?q=admin/menu', '', '127.0.0.1', 1199549780),
(45, 2, 'user', 'Session closed for <em>demo</em>.', 0, '', 'http://localhost/xampp/experiment/?q=logout', 'http://localhost/xampp/experiment/?q=admin', '127.0.0.1', 1199549792),
(46, 1, 'user', 'Session opened for <em>admin</em>.', 0, '', 'http://localhost/xampp/experiment/?q=node&destination=node', 'http://localhost/xampp/experiment/', '127.0.0.1', 1199549816),
(47, 1, 'php', 'include(/start.php) [<a href=''function.include''>function.include</a>]: failed to open stream: No such file or directory in /Applications/xampp/xamppfiles/htdocs/xampp/experiment/modules/core/node.module on line 2050.', 2, '', 'http://localhost/xampp/experiment/', 'http://localhost/xampp/experiment/?q=admin', '127.0.0.1', 1200678723),
(48, 1, 'php', 'include() [<a href=''function.include''>function.include</a>]: Failed opening ''/start.php'' for inclusion (include_path=''.:/Applications/xampp/xamppfiles/lib/php:/Applications/xampp/xamppfiles/lib/php/pear'') in /Applications/xampp/xamppfiles/htdocs/xampp/experiment/modules/core/node.module on line 2050.', 2, '', 'http://localhost/xampp/experiment/', 'http://localhost/xampp/experiment/?q=admin', '127.0.0.1', 1200678723),
(49, 1, 'php', 'include(/start.php) [<a href=''function.include''>function.include</a>]: failed to open stream: No such file or directory in /Applications/xampp/xamppfiles/htdocs/xampp/experiment/modules/core/node.module on line 2050.', 2, '', 'http://localhost/xampp/experiment/', 'http://localhost/xampp/experiment/?q=admin', '127.0.0.1', 1200678725),
(50, 1, 'php', 'include() [<a href=''function.include''>function.include</a>]: Failed opening ''/start.php'' for inclusion (include_path=''.:/Applications/xampp/xamppfiles/lib/php:/Applications/xampp/xamppfiles/lib/php/pear'') in /Applications/xampp/xamppfiles/htdocs/xampp/experiment/modules/core/node.module on line 2050.', 2, '', 'http://localhost/xampp/experiment/', 'http://localhost/xampp/experiment/?q=admin', '127.0.0.1', 1200678725),
(51, 1, 'user', 'Session opened for <em>admin</em>.', 0, '', 'http://localhost/xampp/experiment/?q=node&destination=node', 'http://localhost/xampp/experiment/', '127.0.0.1', 1201886330),
(52, 1, 'page not found', '<em>ci</em> not found.', 1, '', 'http://localhost/xampp/experiment/?q=ci', '', '127.0.0.1', 1202459940),
(53, 1, 'page not found', '<em>admin</em> not found.', 1, '', 'http://localhost/xampp/experiment/?q=admin', 'http://localhost/xampp/experiment/?q=ci', '127.0.0.1', 1202462086),
(54, 1, 'page not found', '<em>ci</em> not found.', 1, '', 'http://localhost/xampp/experiment/?q=ci', '', '127.0.0.1', 1202462088),
(55, 1, 'page not found', '<em>admin/block</em> not found.', 1, '', 'http://localhost/xampp/experiment/?q=admin/block', 'http://localhost/xampp/experiment/?q=admin/settings', '127.0.0.1', 1202462089),
(56, 1, 'page not found', '<em>admin/comment</em> not found.', 1, '', 'http://localhost/xampp/experiment/?q=admin/comment', 'http://localhost/xampp/experiment/?q=admin/archive', '127.0.0.1', 1202462091),
(57, 1, 'page not found', '<em>admin/archive</em> not found.', 1, '', 'http://localhost/xampp/experiment/?q=admin/archive', 'http://localhost/xampp/experiment/?q=admin/modules', '127.0.0.1', 1202462092),
(58, 1, 'page not found', '<em>admin</em> not found.', 1, '', 'http://localhost/xampp/experiment/?q=admin', 'http://localhost/xampp/experiment/', '127.0.0.1', 1202462093),
(59, 1, 'page not found', '<em>node</em> not found.', 1, '', 'http://localhost/xampp/experiment/', '', '127.0.0.1', 1202462096),
(60, 1, 'page not found', '<em>node</em> not found.', 1, '', 'http://localhost/xampp/experiment/', '', '127.0.0.1', 1202462102),
(61, 1, 'page not found', '<em>ci</em> not found.', 1, '', 'http://localhost/xampp/experiment/?q=ci', '', '127.0.0.1', 1202462205),
(62, 1, 'page not found', '<em>ci</em> not found.', 1, '', 'http://localhost/xampp/experiment/?q=ci', '', '127.0.0.1', 1202462248),
(63, 1, 'page not found', '<em>ci</em> not found.', 1, '', 'http://localhost/xampp/experiment/?q=ci', '', '127.0.0.1', 1202462442),
(64, 1, 'page not found', '<em>jupload</em> not found.', 1, '', 'http://localhost/xampp/experiment/?q=jupload', '', '127.0.0.1', 1203095487),
(65, 1, 'page not found', '<em>jupload</em> not found.', 1, '', 'http://localhost/xampp/experiment/?q=jupload', '', '127.0.0.1', 1203095664),
(66, 1, 'page not found', '<em>jupload</em> not found.', 1, '', 'http://localhost/xampp/experiment/?q=jupload', '', '127.0.0.1', 1203095668),
(67, 1, 'page not found', '<em>jupload</em> not found.', 1, '', 'http://localhost/xampp/experiment/?q=jupload', '', '127.0.0.1', 1203095670),
(68, 1, 'page not found', '<em>jupload</em> not found.', 1, '', 'http://localhost/xampp/experiment/?q=jupload', '', '127.0.0.1', 1203095679),
(69, 1, 'page not found', '<em>jupload</em> not found.', 1, '', 'http://localhost/xampp/experiment/?q=jupload', '', '127.0.0.1', 1203095741),
(70, 1, 'page not found', '<em>modules/jupload/dist/jupload.jar</em> not found.', 1, '', 'http://localhost/xampp/experiment/modules/jupload/dist/jupload.jar', '', '127.0.0.1', 1203095759),
(71, 1, 'page not found', '<em>modules/jupload/dist/commons-codec-1.3.jar</em> not found.', 1, '', 'http://localhost/xampp/experiment/modules/jupload/dist/commons-codec-1.3.jar', '', '127.0.0.1', 1203095759),
(72, 1, 'page not found', '<em>modules/jupload/dist/commons-httpclient-3.0-rc4.jar</em> not found.', 1, '', 'http://localhost/xampp/experiment/modules/jupload/dist/commons-httpclient-3.0-rc4.jar', '', '127.0.0.1', 1203095759),
(73, 1, 'page not found', '<em>modules/jupload/dist/commons-logging.jar</em> not found.', 1, '', 'http://localhost/xampp/experiment/modules/jupload/dist/commons-logging.jar', '', '127.0.0.1', 1203095759),
(74, 1, 'page not found', '<em>modules/jupload/dist/skinlf/skinlf-6.2.jar</em> not found.', 1, '', 'http://localhost/xampp/experiment/modules/jupload/dist/skinlf/skinlf-6.2.jar', '', '127.0.0.1', 1203095759),
(75, 1, 'page not found', '<em>com/smartwerkz/jupload/classic/JUpload.class</em> not found.', 1, '', 'http://localhost/xampp/experiment/com/smartwerkz/jupload/classic/JUpload.class', '', '127.0.0.1', 1203095759),
(76, 1, 'page not found', '<em>com/smartwerkz/jupload/classic/JUpload.class</em> not found.', 1, '', 'http://localhost/xampp/experiment/com/smartwerkz/jupload/classic/JUpload.class', '', '127.0.0.1', 1203095759);
